x1,x2,label,part
0.57849014694236311,-0.29031136487128573,1,train
-0.10459061349792509,-0.40124573361308757,1,train
0.88937957495481745,0.51418596125149063,0,train
1.2266441244037987,-0.40915492088644734,1,train
0.82922992528391071,-0.27525642110260873,0,train
-0.12678826439624105,1.1072262922146396,0,train
1.0664711870833343,-0.027749890432642255,1,train
1.1283210398044459,-0.4856078109785783,1,train
1.1566117346578551,0.59401608617313606,0,train
-0.59381533203315151,0.47675133662497576,0,train
0.74730080606970284,1.169791359257867,0,train
0.63120393540804143,0.67877331034547472,0,train
-1.1730597131909906,0.15392851327040424,0,train
1.0092187361122265,-0.35049475888314507,1,train
1.1424834770027439,0.45455364172131846,0,train
0.57141409948831157,0.79782015392025774,0,train
-0.86886109463490691,0.31150251660253298,0,train
0.034333515682917398,1.2189954568383501,0,train
0.88477549576103331,-0.49790910176380265,1,train
2.2598217542959151,0.43423799131526919,1,train
-0.56928633188232469,0.95802155926352195,0,train
-1.1527059602048066,0.28198118635123459,0,train
0.6666235614643512,-0.42918311923397851,1,train
0.43016633324859888,-0.33069585938678064,1,train
1.8507805324754538,-0.42620078378222148,1,train
0.43319827689512419,0.60222596895947722,0,train
1.3780557959280884,-0.40772777879489086,1,train
1.9833658917106856,0.58931210525503663,1,train
0.58863056907681555,0.68088178609151551,0,train
0.76844733978202517,-0.6734940957155563,1,train
-0.67597582396484646,0.80301936464020762,0,train
-0.43749814888636185,0.74045598901186782,0,train
-0.5356949555843038,0.6547343254647775,0,train
-0.469907405393165,1.1538319869980609,0,train
-0.81489234723366488,0.50266303340106777,0,train
0.87464919755967729,0.53784792903244572,0,train
-0.014670470141513403,0.91712639937310603,0,train
0.48561562080344678,-0.53284398502393715,1,train
1.0624128993502724,0.5084878143656909,0,train
1.1576255018716854,0.049728069659601026,0,train
0.62123721956029798,0.49139939384452513,0,train
0.17145498497479952,0.79790116292955804,0,train
1.0849892081101786,-0.42767913700090021,1,train
0.067089159190345721,1.1134102756078403,0,train
-0.43648593422946919,0.60586395724543496,0,train
-1.1389701431233734,0.1580950392734411,0,train
-0.011596100684613073,0.28067301277291845,1,train
1.4588907762116907,-0.76974160972423133,1,train
-0.86591719042597248,1.0212087097850375,0,train
0.013253128007058523,1.0393281185386163,0,train
0.19844221246413685,-0.35367658385104489,1,train
1.9149197191822402,0.092127724350865414,1,train
0.33681813619156675,1.1747235994320158,0,train
1.9151226625060105,-0.26950942796805943,1,train
0.45136926137006639,0.88293708027551043,0,train
0.92780997701139467,0.77276220948656182,0,train
0.69614526372540808,0.80472963905773542,0,train
-0.11608482488797273,0.2262341280720071,1,train
0.91315414782046145,-0.46468837986775224,1,train
1.0674752020882288,-0.48771020497684636,1,train
0.20810441688288572,-0.21439637755071836,1,train
1.2868002810158912,-0.75468896402230068,1,train
1.2658643213731833,-0.73153872616236792,1,train
-0.66474937192968064,1.0935655778689313,0,train
1.7701349361803578,0.16058934639931358,1,train
0.85559448277264205,-0.091726114335855369,1,train
1.9500724020647973,-0.38094408416104864,1,train
0.40309958584476141,-0.43250184840789091,1,train
0.81881326887857553,-0.54194489101476906,1,train
2.3239903313567494,0.4464788573414763,1,train
0.34389757374422109,-0.33667030066509834,1,train
1.5454115376618229,-0.38060200141869827,1,train
-0.56952421247920026,0.73329575389420287,0,train
0.62949093956729829,-0.3258301650081013,1,train
0.27364319116045965,0.43008311036782154,1,train
1.2041291363960254,-0.48839891525543938,1,train
0.92555072759966406,-0.5692971282268583,1,train
1.04321831189305,-0.43822537431664332,1,train
1.9195192259518543,-0.22610045039312543,1,train
1.405245596832531,-0.43161016246023198,1,train
0.44024495736059899,-0.22773688595618025,1,train
0.59566066584121824,0.61347901302988916,0,train
1.7841418564512801,0.073012634381624641,1,train
1.759333806771922,0.24234848031418493,1,train
0.18568732666786131,0.062292718354528778,1,train
-0.19187259830693515,0.13176896389484188,1,train
-1.2095339173337887,0.13326443728566426,0,train
1.3209360836553854,-0.43674553547888423,1,train
0.76991251972053587,0.35406102447550447,0,train
0.62355206383004336,0.76577256087930323,0,train
-0.88534730366435688,0.066903314969622388,0,train
1.5480587502848497,-0.53063129774114282,1,train
0.712085868856421,0.67147144714328055,0,train
-1.2211981308525228,0.18216666527189651,0,train
0.14586125990573268,0.44100782217146683,0,train
0.036250538644958474,-0.35707336228433406,1,train
2.3397163853083836,0.052650412976927519,1,train
-0.25122569788537896,0.18768178945675693,1,train
0.060457872240845534,-0.042506244624378006,1,train
0.030889040218018457,0.95383943278089711,0,train
0.82942079711573735,-0.050438087378674751,1,train
-0.96754117185905508,0.20104916821374502,0,train
0.76912916785045538,0.79370140124909083,0,train
-0.65405720297513492,0.62830945949408967,0,train
0.90469197593225337,0.35059794794065807,0,train
2.0095268831973989,-0.25340498783499915,1,train
-0.38124796226940977,0.48058804695964275,0,train
-0.096753372773827145,0.49513314053600566,1,train
0.27132589539233581,0.98137155239007401,0,train
2.0652030632014666,0.12734096067044637,1,train
0.36440908583776982,-0.63622697066671874,1,train
1.4315013762568523,-0.36165321825295965,1,train
1.0249621848379988,-0.32599290158177346,1,train
0.13352969553871102,0.67289942684165005,0,train
-0.99221469590063038,0.37913799050933428,0,train
1.0881253852883048,0.68010465885344784,0,train
0.98913995271296606,0.59090775258316464,0,train
1.3232795973076605,0.18883219295787895,0,train
-1.0092851825274651,0.22159457322545573,0,train
0.33749732231326179,-0.7404090250537132,1,train
0.20813223003230219,0.33837724115330647,1,train
0.85176131718987125,-0.42179088496480083,1,train
-0.79599275096940381,0.67346671625837562,0,train
1.4749696746566821,-0.84692580569640896,1,train
1.0063285671865341,-0.47521872832622086,1,train
-0.44413455185174,1.206327764988945,0,train
0.46083543024501827,0.91091563577188472,0,train
0.14310602393696806,-0.032047211351995286,1,train
0.57683989376427802,1.0028653190539234,0,train
-0.35605600990403896,0.81736497714147449,0,train
1.3592683518410169,0.28977402883334785,0,train
0.58046675883891063,0.08584057068056139,1,train
0.80806157884756302,0.63573252001372726,0,train
-0.85634313697528008,0.55831186766940111,0,train
-0.17395857144001059,0.1221022956661974,1,train
0.3864441072057439,0.26208256512499273,1,train
1.123010878128849,0.37541233031177246,0,train
0.44818293264083564,-0.44923177289308425,1,train
0.36028304709189235,0.71358510144360876,0,train
1.4009523463003886,-0.69813531087604219,1,train
0.17326048613341818,0.98306516679835521,0,train
-0.93063541297243391,0.59992511157196904,0,train
0.87831419960733059,1.0511644289372857,0,train
0.86835968615145998,-0.42456326411935152,1,train
0.24746099849971254,0.74961759137120576,1,train
0.66017496856278834,0.39694403592186561,0,train
1.0125200088366255,-0.51271631498206527,1,train
0.53779884054000815,-0.25860487706742891,1,train
-0.69333331759742611,0.8046250006571265,0,train
1.9090410409197784,-0.25395451450882123,1,train
0.25379076316671767,0.70216377529123986,0,train
-0.39212680524958032,1.2724099664112587,0,train
-0.46626955051615859,0.038795704722010022,1,train
1.261279764016922,-0.43028113138149771,1,train
-0.92480165370795531,0.5362050368312431,0,train
-1.1069303984477583,0.6431130855930749,0,train
-0.033107355298131108,-0.085590108556418021,1,train
0.097322098288279035,-0.069355817383708676,1,train
-0.86447273602257257,1.056738908409,0,train
0.76748061615476948,-0.20847969370814423,1,train
0.51583067213908751,0.65804028554742144,0,train
-0.33080714353863638,1.268072558307191,0,train
0.61358637159134954,-0.2952152927837346,1,train
1.7204840505252024,-0.62974146381786633,1,train
0.4203861486065254,1.2274686094641241,0,train
1.8054921886714754,-0.13144156082318534,1,train
-0.33398206786144713,0.85591894091629106,0,train
0.81389803585598286,0.47486284954496688,0,train
0.31270705892744477,-0.5583348009887189,1,train
1.24544368708039,0.048965834513229112,0,train
1.8717981677067348,0.75320824258658126,1,train
-1.1025559898422295,-0.16972358858744391,0,train
0.6386830210192832,-0.736936786910526,1,train
0.37339709742821919,1.0205216555086918,0,train
0.84746368377951053,0.80308062842900518,0,train
0.52532304618397074,-0.59923797404390799,1,train
0.64143248624143667,-0.66249750218432812,1,train
0.16610005753711979,1.266530884368092,0,train
0.6739253832045099,0.8072948147287371,0,train
0.35690098249483976,0.98455454219259875,0,train
0.9813698353006407,-0.044998840060452558,0,train
0.60817950241889318,0.7134040436455964,0,train
-0.69076816765454696,-0.2895929672319047,0,train
-0.76125442820368106,0.5899256885122095,0,train
1.4547233919974403,-0.3586989124181601,1,train
0.83992071663199608,-0.65661134357311457,1,train
2.0861439944886229,0.57401400749589837,1,train
-0.48919160739387257,0.51157741219797193,0,train
-0.80359063087430627,0.38782349415768619,0,train
1.8844487256914464,-0.39185802076515613,1,train
0.54279986756307963,-0.36700503903078929,1,train
0.58660807157268269,0.63054136534770089,0,train
0.42200978952931362,0.41515976900883916,0,train
1.850158770190337,0.68506295110182003,1,train
0.5050550251778918,0.72166277508712517,0,train
2.2086512168846788,0.32672039814151344,1,train
0.95003474897009565,0.22965891561317969,0,train
-0.095394020588697809,1.3893483517258449,0,train
1.9046228726153382,-0.66202191627791196,1,train
-0.11237307998808703,0.70961643338213087,0,train
0.58308504140775497,0.80267275829481988,0,train
0.63086319902376831,0.96789383166013576,0,train
1.350317522680649,0.425232496279221,0,train
-0.59126483960324794,1.162615850323965,0,train
-1.3846493123099242,0.47670807381408453,0,train
-0.15375327986557003,0.12042108367996381,1,train
0.80078386205366725,1.2848648466757646,0,train
0.52625248674996594,0.35671625662438383,1,train
1.5279830296647561,-0.23378472537118589,1,train
1.7317973601410594,-0.28998201806227919,1,train
-1.1729123944404727,-0.067396505802718776,0,train
0.11517945780989711,-0.089005831227945698,1,train
0.70863529566866901,0.62473434736393918,0,train
0.082913724237616476,0.12907803601488266,1,train
0.40000471996692161,-0.0046508276132001258,1,train
-0.91443206412712752,-0.080466300154845016,0,train
0.6883259793890173,-0.21602049162468365,1,train
-0.34923234899962685,0.79543506267915298,0,train
0.85013126708513731,0.030963170338290269,0,train
-1.057738202442553,0.88506796895830953,0,train
0.96091233133779763,-0.3723242036091382,1,train
-0.61256208934633449,0.41899906030729461,0,train
1.2292159683711992,-0.44728573594035315,1,train
0.14674438500133047,1.0975915808537988,0,train
0.43095134468626017,-0.77697183373207102,1,train
-1.1131433572481377,0.3853386831074917,0,train
0.84525884998834289,0.24034501874813266,0,train
1.3901331819617937,-0.67774031189355877,1,train
1.9086540164447392,0.39386153924555933,1,train
1.745531421795582,-0.2999568399326753,1,train
1.6779717324846708,-0.40679986776004279,1,train
-1.1766333404414402,0.25138113540340562,0,train
0.76862107929118439,0.20677650569166883,0,train
0.91515800138580761,-0.30569496030786225,1,train
1.5448197221796831,-0.25969775877972245,1,train
1.9959514302327042,0.54245967913614335,1,train
-0.28875699497158513,0.97930154710330708,0,train
-0.87328030778611088,0.25207069195710818,0,train
0.2127873387401808,1.2750312671813786,0,train
1.6479081210753299,-0.59828817355189789,1,train
0.22864286968726708,-0.16621077198654932,1,train
-0.45943229805016539,1.3771522489584096,0,train
-0.37610715234246977,0.83685443377456936,0,train
1.3830028538277761,-0.42563040334799535,1,train
1.5137488725904886,-0.61311177063013411,1,train
-0.60400282509169689,0.34167575125882832,0,train
0.34881607638901718,0.87228048205945286,0,train
2.0227626273483881,-0.30095216853468976,1,train
-0.94034680666044146,-0.033064562820387979,0,train
0.038296192965472015,0.80288731337717634,0,train
-0.66104101188226772,0.96772457051272409,0,train
0.671405657141949,-0.1838290452645357,0,train
0.80147479313843339,-0.16056799998691104,0,train
1.9993054280581555,-0.3533775587022579,1,train
0.30761145912928739,-0.35071255784907379,1,train
0.15701695579873118,0.94686747859132159,0,train
0.39432343322572377,1.1254205069546261,0,train
1.037070233979398,-0.53621134249750491,1,train
1.5784179957138484,0.75140824899986491,1,train
-1.1383072420687641,0.38627302479304515,0,train
-0.56228446470172577,0.42444574196774987,0,train
1.022048616325874,0.58862082368916624,0,train
-1.0164504781087051,0.44496006473469829,0,train
0.9957577973259899,0.49249544663824996,0,train
1.3026471438325187,-0.5139850824640716,1,train
1.8385823669464187,0.22633520036489299,1,train
1.0510767262038216,1.0678143294559537,0,train
0.56333651184928646,0.62133326387254784,0,train
1.7326614091695467,0.25594853619434943,1,train
0.040935660107065286,-0.47055003744171542,1,train
0.89055205993678899,0.19643311147626008,0,train
0.35350776734630329,0.74827970549240741,0,train
-0.80363276353219559,0.39747239255978217,0,train
1.839364419564872,-0.16207009467425565,1,train
-0.11536449264259679,1.0768392213213156,0,train
0.43006325416328317,0.72369242587726679,0,train
1.3310488623831143,-0.44195788332291863,1,train
-0.070809417771600033,0.34186625787095382,1,train
0.10114323969463264,0.3570209301172777,1,train
-0.012526291767160191,1.0632912879199052,0,train
1.7518605655078612,-0.35134855573467144,1,train
0.37913414975846371,-0.1315170299912457,1,train
2.3953878161295168,0.552779239653161,1,train
0.64145863807273407,0.18959533658721117,0,train
0.88084057447601471,0.72336764804974152,0,train
0.18492064653909873,1.0686727529672053,0,train
0.81721930742647986,0.68089384376166495,0,train
-0.71637950972217046,0.86885176332812231,0,train
0.45073733661159587,0.73863859623531458,0,train
1.8249501919641844,-0.27044397007076887,1,train
0.41925948477090896,-0.44637465404369464,1,train
1.2852237185695805,-0.78401176124170358,1,train
1.2576107475854321,-0.35052991706567782,1,train
0.91114602315710935,0.2857783446213526,0,train
0.45699103143847358,-0.50592112931271416,1,train
-0.75945221712966193,0.12121557902226218,0,train
1.3401624495206623,-0.99976243300341172,1,train
2.0538620630391859,-0.35986998831725114,1,train
0.45210212307591452,0.55605745596770517,0,train
1.1664594991759432,-0.22929260274000393,1,train
-0.3608068412106088,1.1214947798515258,0,train
1.6318217244018551,-0.4737056582613316,1,train
-0.92468595756516159,0.61764208897569062,0,train
0.78516374529599142,0.15445175193917035,0,train
-0.80948311209833856,0.35388015960342339,0,train
-0.054484591524946738,1.1320974024476635,0,train
0.86962211434600811,0.50715402516167973,0,train
-0.14834129539585714,0.6904931957189735,1,train
0.28260586787903913,-0.053580004717937238,1,train
0.90111645012800767,0.59206746955835587,0,train
1.6829897778460425,-0.3662133123206604,1,train
0.87106738348294677,0.52741079766417065,0,train
0.17433588782557882,0.2695192099381904,1,train
0.32528080683928362,-0.27287286318329446,1,train
1.6294124628727333,0.13884525433637834,1,train
-0.22181738179607718,0.35357214401445902,1,train
-0.069729586272996691,0.3964120055768921,1,train
-0.96995882550784474,0.32052506714493689,0,train
-1.2129257654638383,0.69961862746054648,0,train
0.65488516159293431,-0.24379186695007005,1,train
1.5012711116392381,-0.46446563965955678,1,train
0.54707936886803066,0.69657100715686093,0,train
-1.0487634339095959,0.46028036488009094,0,train
1.3198607979321837,0.02551100962785624,1,train
2.1293607668723906,0.044234367397737673,1,train
0.09098630671602953,0.97660529345069147,0,train
1.9051744710646654,0.1696753878866043,1,train
0.47983064684352361,-0.27771619780670104,1,train
1.6235360262803924,-0.26416745907102085,1,train
0.2316359605592325,-0.54318503445406319,1,train
-0.036431855423275816,1.2196943922247143,0,train
-0.59938165610765104,0.84631002540624301,0,train
1.9041207158483406,0.43718263654164463,1,train
1.1172686092995274,0.36707745436178779,0,train
1.7933135703062368,0.41168785125552443,1,train
-0.059949077829317771,0.97690056894283139,0,train
0.37633518695610085,0.13742997413771013,1,train
1.7363419758351089,0.34350645070963209,1,train
0.95744055895879787,0.3758280997819663,0,train
0.22968379204599412,-0.4807428117717289,1,train
-1.1938723216670475,0.33504165982660017,0,train
0.040939736505399643,0.34908917538612294,1,train
1.972934556403382,-0.17071606707684983,1,train
0.84977819054508497,0.43734380070242013,0,train
-1.0351790872792614,0.34375262597666523,0,train
-0.63682058888683835,-0.16525526185992398,0,train
1.0626739893156727,-0.15956300502649115,0,train
0.31844478551208438,-0.019654396571902016,1,train
0.73957482298922339,-0.18267687957244222,1,train
-0.55911729705343705,0.56937465914705598,0,train
-0.13012162052707021,0.18667528726425653,1,train
0.015389419892747728,0.36403183902549585,1,train
-0.05747240176978613,1.074432763145893,0,train
-1.1359581493624771,0.16931715965023311,0,train
0.43416407311460936,-0.42920666976326288,1,train
1.0330772519398408,0.60484102418367025,0,train
0.035134091283422167,-0.22977054433319122,1,train
-0.118405758715642,1.0680298558648889,0,train
0.33360201385489535,0.56824347630802763,1,train
1.4002134900712355,-0.44241236127840283,1,train
-0.71200085852599826,0.87526800711604658,0,train
1.6992593467398218,-0.49161146280110779,1,train
0.45794406486463191,-0.15625221422817442,1,train
2.0804860151900262,0.28667223835993855,1,train
-0.30805075657480585,0.97249170758544612,0,train
-0.61861609209150825,-0.051790140680149033,0,train
0.071982972154316649,-0.55933290467719932,1,train
1.8363208461289902,0.21429428521724828,1,train
-0.58839259265560406,0.9412613886171679,0,train
1.0628592183193251,-0.60864007656995989,1,train
0.29776747677028581,1.0077056275230691,0,train
0.26930053562751088,-0.2038830271894464,1,train
-0.70939757404523196,0.58937234654801607,0,train
-0.41450904681122669,1.2013767864277898,0,train
1.7301913423551185,-0.26030222556054955,1,train
0.67914357428818095,-0.4661430424318081,1,train
0.11950792892759587,0.60941349616427309,1,train
0.26166808153635007,0.85699769621170663,0,train
0.87244143744043567,-0.10791135583618783,0,train
-0.44456618717387925,0.97998251709221629,0,train
-0.82772831210513242,0.22330451936961929,0,train
-0.35167063921180053,0.97690457316869106,0,train
-0.34226444428010416,0.80190351014174333,0,train
1.2758920707194308,0.35108343428839672,0,train
0.40161386525364051,-0.29778292712478166,1,train
0.4133547457471396,1.0559652006740028,0,train
1.7075421534474486,-0.47914421746516611,1,train
0.14358098451080056,0.25305026007913545,1,train
0.75473245126774091,0.34588104258611058,0,train
1.2016147223389539,-0.47962788587456984,1,train
0.67909321361297714,0.53633383832257497,0,train
0.94673672680310372,-0.59872092916525965,1,train
0.11112187776177881,0.28272488892590908,1,train
-1.1752189404191353,0.011468288609996106,0,train
0.6103014896213016,-0.41030783852106306,1,train
0.062865900269874125,-0.32888506436073106,1,train
-0.72186928012782481,0.67594016870884666,0,train
0.28306737005740018,-0.19025796116923363,1,train
0.40276005609205767,0.057294434117131643,1,train
1.7324781515923686,-0.40548310315131686,1,train
0.4289744885554938,0.71009792989136433,0,train
-0.12680696669428493,0.79711238909490711,0,train
0.040782817856559128,-0.39966019906886502,1,train
1.1358111536944198,0.25663217048048731,0,train
0.47579065523007213,-0.25483925257632201,1,train
1.3857642146108433,-0.47487123144837784,1,train
1.7492849815850458,0.28584442754809924,1,train
2.1615275888538656,0.074111533402797997,1,train
0.073999237504208032,-0.15904921943831263,1,train
1.1390655325895089,-0.81881788847919612,1,train
1.4965734585692831,-0.18329346704025956,1,train
0.33583479708899405,1.1334371462402424,0,train
0.56852841174943036,0.15140437638419646,1,train
-0.6405065016428092,0.94445191096702674,0,train
1.4507463916783683,-0.028022668809896845,1,train
1.8649284180196406,0.33158940583111318,1,train
-0.10369150902879676,1.0424904613962231,0,train
0.52117151963397601,-0.40428562249679201,1,train
-0.2471711651899019,0.99500100564793237,0,train
0.16581700576402914,-0.25321153418689102,1,train
0.13558779378843933,0.32883591815364577,1,train
0.4297509290888557,-0.62032853024444534,1,train
-0.5330424968239581,0.042707866737187072,0,train
0.16491853832931447,-0.47756351210618381,1,train
0.17969343804126753,0.52336577380273219,0,train
0.34846093232218645,0.11981581175039246,1,train
0.25001670790630215,0.099877437232573751,1,train
0.21779130294396379,0.14163091107550083,1,train
-0.017103356187448182,0.13413080766150878,1,train
-1.0347066340837718,0.50839332136172111,0,train
-0.38326211582776254,1.0994098927519576,0,train
1.1378268356762768,0.2341316901534099,0,train
0.23248419850576324,1.2623796635524731,0,train
0.51795808174769487,0.95840892135032862,0,train
1.0109018299456141,-0.47618341413756821,1,train
-1.1312794601984653,0.28595542413975245,0,train
-0.68810813903374202,0.64992682877424435,0,train
1.1232075195972648,-0.11014982408569955,0,train
1.3687365630868968,-0.013925396462227679,0,train
2.4542864752007527,0.076263041273891025,1,train
1.8246060926884753,0.39548366924502476,1,train
0.72697664718663091,0.31563742541163442,0,train
-0.68766322757017861,0.99549571867720954,0,train
1.2417543247502054,-0.77613275752340938,1,train
0.42146614970262192,0.97485136050726362,0,train
-0.43294482611995594,0.80625190571349648,0,train
-0.081095626238349566,0.15619770852188589,1,train
2.0897356211326659,0.32834484240944684,1,train
0.57044276735734711,-0.33470446994091074,1,train
0.10868560929411201,-0.12003900446615418,1,train
0.92525758231253252,-0.27838274806280477,1,train
1.989909874366554,-0.0037500488105139118,1,train
2.3126740365644229,0.30756836462183035,1,train
0.42239824260808206,-0.071176903819322845,1,train
0.26040826231971059,-0.17816574102360541,1,train
1.6160554839458952,-0.27392149794288734,1,train
0.9997929926725253,0.5214512028437025,0,train
0.37669077169474008,-0.086688937368467445,1,train
0.28311310166600678,0.85802764020747246,0,train
-0.069434750858810831,0.37359466823634824,1,train
0.83411510250545495,0.1455348015236585,0,train
0.11937312350070246,1.1036857737362948,0,train
0.71531700077274074,-0.41942764961737833,1,train
1.0628616619055,-0.25741148158711846,1,train
-0.57066092902839372,0.066250089067861784,0,train
2.1843236681841365,-0.04544602519875221,1,train
-0.75018055077524892,0.47897895913778621,0,train
1.1483513722980445,0.56957590081863818,0,train
-0.069441658044301996,0.69634334534559617,0,train
0.62462185907799483,-0.40397207016363945,1,train
-0.58449776238614826,0.82003710136549779,0,train
0.75392428760355368,0.056846104790787833,0,train
2.0969992263287645,0.27070183519675262,1,train
1.9321203533436344,0.13022303635808624,1,train
-1.0651116174434643,0.74824474243190209,0,train
0.20989900783145013,0.29423134342849094,1,train
0.18865541756953658,0.73590840584469297,0,train
0.33036908641180002,0.87241588713652185,0,train
2.0891215145812185,0.073570623647787936,1,train
0.84631718428728386,-0.55633975525902524,1,train
-0.79941150164277786,0.51617334037832963,0,train
1.6341780263605483,-0.44784810088300253,1,train
1.1872174677858158,0.33784334725007148,0,train
-0.11553787251240018,1.3357916245382433,0,train
0.54270320556014129,1.1141136215180309,0,train
0.78224749040294572,0.44490980097833094,0,train
-1.0008373114705724,0.54225421299970433,0,train
-0.83858636186346347,0.60648659490978452,0,train
0.065058357371030134,0.22147234835019128,1,train
1.5845497158659423,0.086790662276689579,1,train
0.27160034196568689,0.10091230590290234,1,train
1.3993619798828534,-0.25525462954478884,1,train
1.7784084945908019,0.62080618597545345,1,train
1.2056882304617862,-0.026645513120566178,1,train
0.46187251145031477,0.75803084771882723,0,train
0.29281528453835964,0.494846244300995,1,train
0.76318672584437597,0.53049708356589897,0,train
-0.56259254370725675,0.88836621754805234,0,train
1.4968841523424061,-0.51510010419993824,1,train
1.9855189016503259,-0.045988384639932933,1,train
-0.87353872830073642,0.69270345186241544,0,train
0.012402178026260924,1.0128963492989826,0,train
-0.32222884199588836,1.084556437198601,0,train
1.1600071266746763,-0.36947569126735119,1,train
0.52000498542260332,-0.50820631259591686,1,train
0.51563057810174351,0.65362364113474647,0,train
1.1519413954284072,0.35259425710642045,0,train
0.4918243583312738,0.91084892937435846,0,train
0.78968319634806139,-0.093182969001562532,0,train
1.9094898612873432,-0.16786455350301949,1,train
0.44753453081062144,0.44323489807012678,0,train
2.1929251879112677,0.24387135494455922,1,train
-0.00057659594545425574,0.44859524890095381,1,train
-1.2343844159853263,0.1423939619130099,0,train
1.0646573472890664,0.091841087401766219,0,train
0.17278552473855874,0.78604083501245181,0,train
0.91976819158989143,-0.39129672089930234,1,train
-0.97968172151114385,1.2918246737490116,0,train
0.55816971515134761,-0.58209366301412357,1,train
1.8046094400452075,0.0069596319232189674,1,train
1.1311437255540977,-0.3615350336280439,1,train
-0.23354155454105624,0.20642872174432678,1,train
1.7204742118843592,-0.066613300825411614,1,train
-0.082307264032664806,0.73735391298516828,0,train
0.092508531980496272,-0.28826683678817155,1,train
0.65730269366335081,-0.25329922548557704,1,train
1.710466762027786,-0.18297790557598437,1,train
1.908956280453455,0.20393589226799508,1,train
1.8832001314138114,0.28339804691354087,1,train
0.81362858166510266,0.08010709591917925,0,train
0.4203353050289268,1.2765047625885626,0,train
-0.89396550342441605,-0.0018313047221061862,0,train
-0.6597099845687866,-0.34913553304469935,0,train
-0.98318597090348092,-0.02050379677578211,0,train
0.51672150236206837,1.1151669119445669,0,train
-0.21343503037705708,0.70887767910106003,0,train
0.45799401353777325,0.88480282304535707,0,train
0.19250947385343153,0.78180765472424207,0,train
0.54479781235634606,0.60215058715867964,0,train
1.3972777873561553,-0.23370608675255022,1,train
0.42381169751505809,0.03784012451070623,0,train
0.42698032440533695,-0.049401978119325451,1,train
-0.3167367900896807,0.98213314693800047,0,train
-0.23147642363369642,1.0491304977537053,0,train
2.1530318464761438,-0.30743392408006998,1,train
1.5952663319901583,0.087338373073962944,1,train
0.52243597452396262,0.77248844745526146,0,train
1.0301131710585947,-0.51399201780156156,1,train
-0.2351096911828682,1.1352416884444736,0,train
-0.69875502349510188,0.33621311544065335,0,train
-0.6620517949262098,0.37431944144683826,0,train
0.78241534712683836,0.18643515484177312,0,train
1.6077933605487746,-0.27374598004694894,1,train
0.42236096641205506,0.83075537614324979,0,train
0.63772932208443223,-0.20157753753039009,1,train
0.19583813949301268,0.27746001806941084,1,train
-0.52547361222520972,0.87936194348717922,0,train
1.44716157260996,-0.46712058891596325,1,train
-0.01595205543233031,1.5365145078792826,0,train
-0.24330951849243698,0.74095644094146418,0,train
1.7731882251790525,-0.19204913862486728,1,train
0.2544957108245694,1.1351930323835557,0,train
0.67351396767758431,-0.81474728859352141,1,train
1.1192212410486904,-0.73817380836134827,1,train
0.91355477444657496,0.0032481602192608316,0,train
-0.26094212672254835,0.87477814338168036,0,train
1.2339608232099069,-0.26488317471230921,1,train
0.93485910369394998,-0.32329546512825491,1,train
-0.30055782713048118,0.87528596004491765,0,train
-0.61079023453303816,1.0103825684671282,0,train
-0.94957786695874702,0.13534319292887159,0,train
1.6826292709638242,0.16186447886423763,1,train
0.18928671692369176,-0.16940475210139511,1,train
0.87052210900151072,-0.63668536222239114,1,train
0.42457544525041818,-0.70955046712090786,1,train
-0.19298309338054415,0.59493214427067742,0,train
0.095607566561654991,-0.1093054226600696,1,train
1.5669392046851067,-0.36191541025029789,1,train
0.88501866400129725,-0.5894269601024108,1,train
-0.041529280546148184,0.86912992609469764,0,train
1.7464969171622013,-0.16265533842999472,1,train
-0.31158869355856911,0.90827950663668955,0,train
0.2314088271010788,0.87372036268079167,0,train
1.7983997904596538,-0.49272732555631676,1,train
2.1024955321909835,-0.2319536081125575,1,train
1.536098857040094,-0.65214644274180622,1,train
-1.0313498463469666,-0.034608921828315431,0,train
-0.8716099091195868,0.90554208837928019,0,train
0.78035451216606244,0.97485846384449748,0,train
-0.21252586803395557,0.22510810142840854,1,train
-1.3031031458296432,0.43159415772395127,0,train
-0.14252720070506852,0.072352691044001147,1,train
-0.010055580279268894,0.67037987585244896,0,train
0.80612980169087622,1.1458579871505337,0,train
0.49105531657409612,-0.041443244389542888,1,train
-0.3905448919861737,0.29520706793869189,0,train
0.31034878664762511,-0.4034387798329887,1,train
0.53251197003321171,-0.34382887899528852,1,train
2.215712851369747,0.20779395269707335,1,train
1.9945228374270656,0.49360932201493612,1,train
0.1144398856844531,1.0284249867602524,0,train
0.19101340099709307,1.2732181643539193,0,train
-1.1705555335947697,0.33994686631229742,0,train
0.82481521881276709,0.60705196129331496,0,train
-0.86907583340247607,0.28923564313139566,0,train
0.38076888755867844,-0.337050725200992,1,train
2.0537997085950561,-0.11492189729814078,1,train
0.42287117325388224,0.88905296225284935,0,train
0.76476188280488133,-0.52078795672092859,1,train
-0.74407339204681688,0.94771676082880185,0,train
-0.75825496423161209,0.53133998546673167,0,train
0.043662891731575282,0.88407751635068976,0,train
-0.04936411241811603,0.96388392446385585,0,train
1.5791697509064364,0.028711928235135423,1,train
0.25824098074514812,0.16005375229287591,1,train
1.2384988406254067,0.46280526033687552,0,train
1.3636534471789343,-0.1825417436098879,1,train
0.3830194046640738,-0.16916311687000221,1,train
0.32659645444514257,-0.31833746281256675,1,train
-0.55439566803930707,1.0604054151958093,0,train
-0.015609975105097949,1.0233527494581665,0,train
0.12627828015580778,1.1749095944763517,0,train
-1.1334247694947193,0.24782842585372383,0,train
1.6539561618831928,0.34017743612748541,1,train
2.051549379101457,0.47669292736209712,1,train
0.58660884606755193,0.46195467959259706,0,train
-0.047634363943481903,0.27371198894980137,1,train
1.6587970990726215,-0.73557080496870153,1,train
0.6457572156715532,1.1211839032708399,0,train
1.0435822717236303,0.87208346992791108,0,train
0.93409788665873017,-0.27270872871672081,0,train
-0.63818605185881183,0.75571025280862381,0,train
0.31342119199133933,-0.38505889997051057,1,train
-0.95342483384598187,0.24745259744648673,0,train
2.1399881271728094,0.31170701912128135,1,train
1.8446490997933658,-0.26773181222517761,1,train
1.6714908810641975,0.44131299518309663,1,train
-0.73781396159674606,0.93211222550764994,0,train
0.59984463960634904,1.1801628343048627,0,train
1.6358763886497116,-0.60673912666923779,1,train
0.012579763123984317,0.94937274191546261,0,train
0.7207827906375357,0.73283748449425434,0,train
0.79722722776961197,-0.36273569492168051,1,train
1.3751990932846223,-0.44096457987670623,1,train
-0.10722389197370251,0.93022909181535318,0,train
2.1428541716628464,0.17317636561400676,1,train
1.1606941397829016,-0.50674044372511351,1,train
0.021401938440917007,0.68931907317040708,0,train
-0.75421577046695398,0.61539801031318075,0,train
0.6440592014745754,-0.6479182125306524,1,train
0.62200887207725686,-0.58468262678722493,1,train
0.9342663726357,0.37925690406719942,0,train
0.94465692086674458,-0.28023264206645226,1,train
0.083084403952958741,0.92199794788794021,0,train
0.053649213153494635,0.78111028969925811,0,train
0.27421112511315771,1.1605816431462093,0,train
1.3499211047538464,-0.61329192621672024,1,train
1.7273968673488171,-0.37076206607497103,1,train
1.0776015378733435,-0.16977288706761484,1,train
0.21852917666132515,0.11392337868720923,1,train
1.0359215821296468,-0.73218037978419814,1,train
0.89603234888185812,-0.54685821079891728,1,train
-0.60678584200596108,1.0528096231494066,0,train
0.12933575861775662,1.2036113911216075,0,train
0.84404635896294089,0.11566959883377517,0,train
1.712419545687266,-0.15739602369489142,1,train
-0.53872459114809579,0.45680903470915069,0,train
0.23455789087657752,-0.06776001911789678,1,train
-1.0729139475283826,-0.35801402098274704,0,train
2.0836222819897006,0.78323239136428668,1,train
-1.054451437759476,-0.03017823617905567,0,train
0.87126301856139743,0.63715854334479893,0,train
0.89356912710068603,0.2504089528845107,0,train
0.29045934881490465,0.37159656594420321,1,train
0.69060450165078568,-0.13036123566389007,1,train
-0.71767541297852766,0.46829226415735775,0,train
1.0297391408670926,0.71415500453937963,0,train
1.9033990251179249,0.19563681902341873,1,train
0.30797356230481393,0.50127308360343481,1,train
1.0933190093403966,-0.27927214845454712,0,train
0.9312563227345213,-0.40154128923926186,1,train
0.1134972879501257,0.94971193936494869,0,train
0.042149896664042438,0.29779986265342562,1,train
2.0756361777373717,-0.16751147086966914,1,train
0.45125868577937955,0.24625367810835763,0,train
1.0152390392259671,-0.31637786748858254,1,train
0.31308704901876466,-0.17426155781616245,1,train
1.915418280003222,0.10844786787746713,1,train
0.074149969685009781,0.46002063654096903,1,train
-0.2142123832517176,1.0015279607001708,0,train
0.16862380902907709,-0.10036433362878996,1,train
0.88901802972610233,0.3473628678540478,0,train
0.50744697477895184,-0.34735574194019714,1,train
1.8445340364943141,-0.041875028670532007,1,train
0.62879945224545275,-0.50676670956470293,1,train
1.69623612828753,-0.44788750894605889,1,train
0.51671918049111121,-0.54590066275083715,1,train
1.442746719663651,-0.040791838070804345,1,train
-0.88733187025624072,0.78217434250824103,0,train
0.72117306502835121,-0.21135313803508915,0,train
1.0459553484944331,0.077674584280673475,0,test
0.46437826533478543,1.0782240299354349,0,test
-0.69277331988838542,0.58310267809728511,0,test
-0.61176634336529745,0.69883455068824718,0,test
-0.017991961754828173,-0.15980143942008249,1,test
-0.077314760338237656,0.6414749736805021,0,test
0.10237366295096553,1.1379026944118225,0,test
1.7566513225609524,0.71299826331582083,1,test
0.56210209098690977,-0.21190227953593377,1,test
1.3890570255835362,-0.62562254793947625,1,test
-0.23158772268913724,0.76230787478702711,0,test
1.8161677528390412,0.3830735888447136,1,test
1.7605375962936889,-0.013383479334137249,1,test
0.93500115517693128,0.54809282329159414,0,test
1.5566857672186578,-0.3297209681680302,1,test
-0.075855770647611287,1.0960372218580436,0,test
1.5698541063518887,-0.090026676767197888,1,test
-0.97012394900138832,0.33437527819879231,0,test
-0.89096088667146778,0.50961387134942471,0,test
1.9711418771304312,0.18020338982868939,1,test
-0.36745614143426919,0.81770016908955145,0,test
0.0019091518254572733,0.18485120556141932,1,test
1.7744587484323973,-0.28005971552286807,1,test
1.9162038461208921,0.037844538224095225,1,test
2.1579519735047343,0.3311501062503388,1,test
-0.61686969126641078,1.1438536868123346,0,test
1.6839389888844207,-0.26612778870788406,1,test
-0.25790671323919678,0.46556877911878147,1,test
-0.96381899615091093,0.22876768546473664,0,test
0.97730885053661498,-0.65751156671236122,1,test
1.4385484208475459,-0.55253533954382272,1,test
0.08791018450570659,-0.11285910579916854,1,test
0.42708702844687541,-0.73471120808597989,1,test
1.2536748737389209,-0.68547705282216764,1,test
0.96613423311011259,0.87305838521067969,0,test
0.75766358880045526,-0.57214153169052917,1,test
1.5942995346815052,0.61291605565188467,1,test
0.75259105240055924,0.97303655864902283,0,test
1.4942026038475569,-0.16172036908386,1,test
1.7649036058682162,0.22305787527356735,1,test
0.43175797266771621,-0.048597111407806343,1,test
-0.92406714763015596,0.5153396922938589,0,test
0.023195927066165752,0.27170917368134884,1,test
0.10836503358718888,-0.21431269021844876,1,test
-0.45390687452160272,1.0451213946295974,0,test
-0.37492449366162117,0.76655442103702343,0,test
-1.2375702228137755,0.19328410484969272,0,test
0.20040598120991074,0.03479475386323605,1,test
0.19848409581894752,-0.27647292236438981,1,test
1.3500182239380814,-0.47204094332079027,1,test
0.93841376319136471,0.41886699965583496,0,test
-0.78792580253130307,0.87130832402566805,0,test
0.42849891514425942,0.58771034667085986,0,test
0.23922441499021196,0.10250059441178105,1,test
1.9026910673696851,0.16745147878010749,1,test
0.57354027053148049,-0.042948425661422596,1,test
-0.20415420853957145,0.19271928328200497,1,test
-0.010164648530178481,0.62898195528890111,1,test
0.40975734089329308,0.60217788325512089,0,test
-1.3171333389308804,0.5987647406398503,0,test
0.83235742236493326,-0.12556452105343491,1,test
0.63517365263310721,0.82442625940770509,0,test
1.9108570772200928,-0.11055930524435571,1,test
0.13100647397427867,-0.3350404834901185,1,test
0.54866614481073728,1.0603678635028708,0,test
1.6887337532103572,0.27787134980585321,0,test
-0.36834751641793706,0.89981698657525433,0,test
1.7645028648326344,-0.20714305286933898,1,test
-1.1171641500264717,0.48182821896322237,0,test
0.22075575296628436,0.89725395713262457,0,test
1.0637888878921637,0.35931390855257606,0,test
-0.35395927637674446,0.79942711015021284,0,test
1.8356567434004067,0.036632191581941295,1,test
0.42574410594375273,-0.41424665592738197,1,test
0.075755740111248512,0.98120006608259713,0,test
-0.9183892250162573,0.42474060419221688,0,test
-0.59687583726487403,0.82273004190558396,0,test
-0.35556309403275055,1.0861168818713132,0,test
1.7809476639324076,-0.29342216331660642,1,test
1.0034715978801283,-0.42928955354734799,1,test
-0.99310372466732555,0.073731342503793262,0,test
-0.78161241583725038,0.80257522799804826,0,test
-0.60836860118267388,0.64986744038460909,0,test
0.98144640613948453,-0.71126974675281907,1,test
-0.33337197053252687,0.93289111122572899,0,test
-0.81286229378664676,0.67856256337112941,0,test
0.34180666821498812,-0.37362407517132645,1,test
1.1724167717025367,-0.50332174337453994,1,test
1.3403024951358697,-0.6846524658937525,1,test
-0.43897580054240337,0.74579403305327219,0,test
1.6361228444047786,0.52632713551477051,1,test
1.557570612979069,-0.18315731410819447,1,test
1.2829697195525991,-0.55309033276731268,1,test
0.13118484563462732,0.55221362355495929,1,test
-0.33557476465668135,0.78151557761282298,0,test
0.84839606443702653,-0.51714886007312888,0,test
-0.75525258799682127,0.79197072818284964,0,test
1.9777854944541726,0.18877531447218265,1,test
1.3737316497626328,0.35460149082765169,0,test
-0.70834849416700973,0.91823878829462557,0,test
1.3251827512151695,0.30003823796077533,0,test
-0.0038471988033648378,0.71471559416060693,0,test
0.39110001119364018,-0.37669036208184259,1,test
1.8698988809097599,0.48203131139832106,1,test
2.1367501088714791,-0.25538556774128945,1,test
0.30967754127924951,-0.31117477876289934,1,test
0.81546247892187318,-0.50584685095019655,1,test
-0.29799563441645921,0.87641924576500851,0,test
-0.42478381064512621,1.1423590016980958,0,test
0.076097945518058055,-0.2196047742374938,1,test
-0.36584350542424238,0.99162750936498933,0,test
-0.87690265048855576,0.59336738770265274,0,test
-0.14119150340893907,0.25001248413326049,1,test
1.8238829439543953,-0.15867533002379874,1,test
-0.27859105265863465,0.53808953929191006,0,test
1.7226515262228934,-0.16502595254056934,1,test
-0.48902782124382022,0.99907232240516275,0,test
-0.39354120591199987,1.203254819683885,0,test
0.37045891531273356,0.092892815321412359,1,test
1.8115256122470911,0.16433675490776781,1,test
0.29018438831079452,-0.081745297076179335,1,test
0.60810742713608357,0.45804067487372707,0,test
0.96252009388347859,0.28522983686285475,0,test
-0.29123001033023888,1.1992308193569268,0,test
0.054346810999415296,-0.056706744730497603,1,test
-0.43508539765647813,0.89543959904979398,0,test
0.1232721792956302,-0.024846994089833298,1,test
-0.032739286085213315,-0.17329184560332789,1,test
0.65707076893530936,-0.38727600799494832,1,test
0.29597085860768751,0.9341648966609456,0,test
2.0906622574784191,0.2557861589369016,1,test
1.01168822749563,0.69979805795244376,0,test
1.1412188094972584,-0.50755616224965738,1,test
0.097708381740907749,0.14303760581111835,1,test
1.4394364040710268,0.25119089913415205,0,test
1.1599902723488096,0.76044364474783843,0,test
0.38162449981853319,-0.15904943971159702,1,test
-1.1348008765619431,-0.055721656910120598,0,test
0.61383340030339695,0.74586801278555348,0,test
-0.023194682056844454,0.7253220587324638,1,test
-0.099331094221489502,0.16211843879863497,1,test
1.7761579680426802,-0.18593704781122791,1,test
1.9233851221737446,-0.17254136232281755,1,test
-0.44489249035004852,1.0592255133213182,0,test
-0.95747445831096101,0.35801371398862641,0,test
1.4889413044959261,-0.3438873248121348,1,test
0.76602311891653208,-0.17472381691311833,1,test
0.54203998257924502,-0.1366918480290662,1,test
-0.087060317889417538,0.40666443765056326,1,test
-0.22711216737814266,0.57390961932127849,0,test
-0.20940609776712693,0.44976824474975502,1,test
1.2178960287132936,-0.33921918460801576,1,test
0.40449929336039037,1.063002362296414,0,test
0.70080934794148364,0.97278385498697395,0,test
-0.87953279825008213,0.0084527785324066684,0,test
-0.30840454126782524,1.0006315078612777,0,test
-0.75791834459900065,0.53614091176005607,0,test
-0.6903243820574243,0.78511237653800736,0,test
0.65776257027435725,0.80899996174625488,0,test
1.6690707873190638,-0.023552786431334266,1,test
0.37801718278717933,0.69432421931527266,0,test
1.9246480954083622,0.4663313673773487,1,test
1.8847671915903133,0.32795601266882729,1,test
1.4427165690584867,-0.44931941929424224,1,test
-0.19250954031107781,0.14546623209552545,1,test
0.80671608715074283,-0.67924329911697257,1,test
1.3787956874099896,-0.40832126263982382,1,test
0.7596670870758212,-0.27894838455902282,1,test
0.65055450339865939,-0.2913519252405069,1,test
0.64344171160102448,0.096718900524280949,0,test
0.51594239872476999,-0.34526238319681324,1,test
-0.86110905089167999,0.67020963724853921,0,test
2.0871781441839588,0.42751789734893608,1,test
1.1255381611564212,0.0082742196071653243,0,test
0.79262288712514817,0.58533376210555965,0,test
1.0606418568645679,0.36951905540443941,0,test
-0.034240190423704631,1.1479626563201231,0,test
-0.17662864591258176,0.98779011037075937,0,test
1.7442169856575569,0.014837822267411642,1,test
-0.68544135938478412,0.52445283918592855,0,test
0.46709528196697053,-0.098391129962492802,1,test
0.52114970974373898,0.74989389575028176,0,test
2.05289373380944,0.2329924450953676,1,test
2.1514934333098381,0.23354761740086072,1,test
-1.3426650859742919,-0.18856336648723238,0,test
1.8527241228359099,0.2149407367438948,1,test
0.76795171681459173,1.0000629638748681,0,test
0.642495780874353,0.52403623490936857,0,test
0.095985417953514063,0.30060063955558375,1,test
0.26135704977047525,1.1736402759627922,0,test
-0.056934238683584992,-0.12993137324919202,1,test
1.4233096783801975,-0.29173034074149795,1,test
0.7645623487282398,0.65115835717164827,0,test
1.0279525824376328,0.45239986358105111,0,test
-0.53036694146918339,0.6829034537060692,0,test
1.2778384808740224,-0.3623605564045147,1,test
0.10335673041966342,0.27484007741469985,1,test
-0.79401267163713285,0.67092683824387767,0,test
0.78416662370944379,0.68276187676548394,0,test
0.86249434017794036,0.17117653205249467,0,test
1.5108384878854344,-0.58518041924946107,1,test
-0.91325884569998772,0.64527647646856579,0,test
1.816650517296013,0.27993168863763696,1,test
0.12721474745116915,0.089147993215438315,1,test
1.4394904737052454,-0.23222569199692802,1,test
0.71113456461014302,-0.7482025663465145,1,test
0.80992907688474647,0.22530332141656248,0,test
-1.1012038412281977,0.52805590146834314,0,test
1.028147814811502,0.29414417729281028,0,test
1.0851849898769648,-0.21377279369737676,1,test
-0.60616862675267535,0.46513101050633521,0,test
2.0958137703751425,0.49495763909097867,1,test
0.25344094228904623,0.97480538954651341,0,test
-0.46812315760366585,0.95295373762102908,0,test
-0.70105936328331897,0.45897326519201337,0,test
0.81915008866238059,-0.51419095108828616,1,test
-0.83683337488239018,0.5810282457079855,0,test
1.2428064636844831,-0.77859748745359791,1,test
-1.0486271742869011,0.32307877836179255,0,test
0.032377651216802333,0.46767836562558496,0,test
0.4142681831057492,0.78502778993201094,1,test
0.19832695153412908,-0.050424402064715879,1,test
-0.89965326832160386,0.19761086672922168,0,test
0.93659365406041717,-0.32246019637367607,1,test
-0.18150664516021139,0.97419760353165796,0,test
-0.82895450488660105,0.49968026965231344,0,test
0.12328906858410425,0.0069216706616231916,1,test
0.99377863671856204,0.089649803344968082,0,test
1.6837847288172965,-0.15450320341595403,1,test
0.94096572042778226,0.086629696238032766,0,test
1.360464633444062,0.2306875100321451,0,test
1.8913818038216019,-0.34145994992346757,1,test
2.0494600909908174,0.18457096356693412,1,test
0.4952674987485115,1.3354250694228993,0,test
-0.17449179073705107,0.8848403049655188,0,test
0.66026466799073313,-0.87188865274828709,1,test
0.010523730464101166,0.51505527478974278,1,test
-0.98270633561448562,0.36149545315276005,0,test
1.4349243846375237,-0.486550144665164,1,test
0.66075566532351737,0.96154910966584484,0,test
0.2092613765997777,0.88750156892428034,0,test
-0.31513964397063693,0.69784947588910806,0,test
0.53376347577438987,0.87609124572764374,0,test
0.64457612481036997,-0.47157958449896509,1,test
-0.8531819420658282,1.0493177622214374,0,test
-0.15875979454197253,0.2207696852252462,1,test
-0.65939652945393212,0.97317949799064496,0,test
-1.0032429560999865,0.28988119522465194,0,test
0.49793039182695115,0.064845789785051927,1,test
2.0297615002634868,0.29735198522396089,1,test
0.1918888829829529,0.86914044859467254,0,test
2.0458059554835377,0.2465686164894253,1,test
-0.71690155367414377,0.4568493193727669,0,test
0.73012909229579348,0.41953854937412371,0,test
0.84263473717259663,0.62570233208600168,0,test
0.039647544672793966,1.0733010161429521,0,test
0.64650664519567247,-0.46745196172226744,1,test
-1.1859466305675959,0.13115170073111471,0,test
-0.093018597186314764,1.1136557562801626,0,test
1.558145016898145,-0.26121276099684138,1,test
0.47684177976584963,-0.89245105168501904,1,test
-1.2418078491737645,0.31217683291479453,0,test
1.8260357002554857,0.015698506443737464,1,test
0.88035158573489269,-0.63643998185945305,1,test
1.658922298105967,-0.74667463020511338,1,test
0.083841533753577391,0.048678460445601826,1,test
1.7384277714270799,0.3221903154150153,1,test
-0.027125577884128747,0.80539926358755731,0,test
0.15246628884445851,-0.0094209374151261738,1,test
0.83088119270820027,0.48449579416995436,0,test
1.7821520695404465,-0.1830718513906423,1,test
-0.04219539370798861,1.0465911877402414,0,test
-0.44857397641131463,1.0141685817505799,0,test
0.091992696918531167,0.24676506545049465,1,test
0.56350857144324829,0.34682306974681326,0,test
1.6549449278512662,-0.044067277393319504,1,test
1.9815536463689438,-0.4248001452460301,1,test
-0.13909597715027366,-0.26840253695926375,1,test
-0.7362093514538337,0.066623880154840776,0,test
0.28456775494970926,1.0366477130913325,0,test
0.94251757277800841,0.42730053891164232,0,test
1.5528437619205855,-0.071551691241337562,1,test
0.028446817765596825,0.31477743791828033,1,test
1.1476859331595135,-0.502089163821271,1,test
-0.95112194398144001,0.73870567468072768,0,test
0.88935105473380915,0.56526230244983589,0,test
0.44401298894145802,0.80598738111220669,0,test
0.53067750364297372,0.64192264916169139,0,test
0.71647518414799904,-0.30510562844020939,1,test
-1.3090244050400366,0.15969143467999958,0,test
1.6945328331198797,0.55377565884135893,1,test
0.83521525620495041,-0.3390940258909676,1,test
-0.61568774934216808,0.51432425115656233,0,test
0.78959131736138455,0.3871241793578778,0,test
1.3835769390176464,-0.46606820627602363,1,test
0.089747723697596579,1.0480885602032868,0,test
0.094024476408699209,-0.10090339251263797,1,test
1.4887765702413089,0.054483392806001812,1,test
-0.94533242584194133,-0.12016574881109329,0,test
-0.80642102977900998,0.025238084629632507,0,test
