label,score
0,0.12255418064109477
0,0.71313830345874829
0,0.0047925791542287469
0,0.030559794367044046
0,0.022180855731323331
0,0.012084252080018523
0,0.41365452478831027
0,0.35941075035794978
0,0.018900158568030841
0,0.26583256857563264
0,0.048640615755373755
0,0.14466747011477507
0,0.47817546155561436
0,0.66296153808935765
0,0.73091295708056025
0,0.011957640578525384
0,0.52738079071128896
0,0.23860517072188303
0,0.0032817607948797899
0,0.02549873807867694
0,0.053384537555007064
0,0.074281142143349493
0,0.024431962598814486
0,0.033436353679349988
0,0.67183998206878759
0,0.0073609488505787151
0,0.60194677608283143
0,0.011725351013539147
0,0.38074171247557503
0,0.11433403770415368
0,0.1306579087430203
0,0.55041613775115428
0,0.0014450217550422712
0,0.047365251958756377
0,0.0051241267432127367
0,0.044641155673004876
0,0.44752691641355952
0,0.84466758013579546
0,0.33515403276303485
0,0.91788435550568392
0,0.56665539655084551
0,0.37581891592881261
0,0.013176964894122864
0,0.0049211000786618143
0,0.020681854352437887
0,0.063172221684673013
0,0.014556219911139295
0,0.0065203354155063164
0,0.010246934821363126
0,0.2374734227827042
0,0.4541955775431909
0,0.0085763622794603617
0,0.014392241922772822
0,0.56905588442523047
0,0.12025704101252871
0,0.0054446610476087043
0,0.005389783332522451
0,0.00045282697092991419
0,0.040218092846814719
0,0.00079747834388443765
0,0.81001815516390696
0,0.0060178473978274721
0,0.26720028257738604
0,0.025687228829314512
0,0.29968297971089042
0,0.0066936583622028336
0,0.042109512754235821
0,0.13714537396841622
0,0.03667326824722119
0,0.086237478998313494
0,0.1792645033717358
0,0.005411030915658162
0,0.027483647657209412
0,0.092016420181094738
0,0.13732019362744891
0,0.13537944817715442
0,0.26476488211729432
0,0.71865385216302347
0,0.0084690423470563797
0,0.22357429025845243
0,0.0028210679542206066
0,0.00823449983026181
0,0.0048696636147417122
0,0.1094811961351371
0,0.17944268602611144
0,0.024468750161402882
0,0.13824660317775567
0,0.13081433975173878
0,0.16356464066981916
0,0.35066317501383115
0,0.19131657867241522
0,0.70260333436243805
1,0.99111268509575789
0,0.019561874370797101
0,0.016229450806663256
0,0.055613982256629058
0,0.013124108251390681
0,0.0034971443714241486
0,0.21118666406747882
0,0.42286010007524905
0,0.014028439019570254
0,0.80297865997563578
0,0.00075774047426872739
0,0.22303710904189236
0,0.15231577962187504
0,0.27599920658185695
0,0.028556356279505042
0,0.11352920702440665
0,0.04448513224359027
0,0.06694499267557022
0,0.4051203419304425
0,0.10035911096827817
0,0.0034852070225001646
0,0.011461025215285262
0,0.0074259822171403589
0,0.021277683798044709
0,0.041494723938978337
0,0.034675429719116101
0,0.16532146513237655
0,0.11110162457721601
0,0.075621279554096213
0,0.1956384233528522
0,0.13559981411528338
0,0.031062608377648016
0,0.86294851821755914
0,0.18014150759313219
0,0.08083085319865739
0,0.98057610523477157
0,0.025277137259861332
0,4.6078742021169032e-05
0,0.037731523731342996
0,0.088819068381134431
0,0.040693143887010091
0,0.0020005590305314921
0,0.27612154444872294
0,0.0082913224144265558
0,0.51421995656431396
0,0.69424926553111144
0,0.28561217257524307
0,0.029416807229402247
0,0.20802911997230822
0,0.0058782161551915136
0,0.42205565555491209
0,0.1935806460541438
0,0.79859110622154639
0,0.009964845615170052
0,0.70791432719621961
0,0.57158598081057144
1,0.91765466080592872
0,0.17485563575479668
0,0.066088714321723488
0,0.054943915546353327
0,0.052350068301166425
0,0.64440056467703855
0,0.20909324526349021
0,0.58700394248308352
0,0.13026072459374188
0,0.01427059734270311
1,0.949548863854771
0,0.38731595834229748
0,0.0010824956735269171
0,0.69888752297092016
0,0.14105591321966912
0,0.0021469595640998453
0,0.019742224129892183
0,0.7061665819840689
0,0.11502167174400219
0,0.0058787998915378233
0,0.1546582710718995
0,0.0053489844121093885
0,0.1531440136606865
0,0.023852211735577628
0,0.46334526014800959
0,0.010286064241994122
0,0.0087204186817822372
0,0.0133346590067825
0,0.0035631755909161233
0,0.010392348783923562
0,0.31126947778474079
0,0.0039536373367605685
0,0.094190394837946889
0,0.12020795107096661
0,0.015751910952524793
0,0.093889913089385546
0,0.026107444950411524
0,0.02600459086633549
0,0.05097145168081714
0,0.57801648184956866
0,0.06227569165098381
0,0.044910753864510981
0,0.48479097361824103
1,0.83356698251259131
0,0.49630496617442321
0,0.16099266951148805
0,0.34289131733927541
0,0.24918382801200406
0,0.073382052541801204
0,0.045212032454628202
0,0.04927765491634483
0,0.37311970330151678
0,0.14094071123950916
0,0.53891818729406848
0,0.17278766103516024
0,0.10608045505838111
0,0.041723243843319623
0,0.12187513994272021
0,0.038540858755176932
0,0.061138897354034417
0,0.086501410884536056
0,0.04088971746314219
0,0.014240832625482799
0,0.0034391300980851831
0,0.048323064743999729
0,0.13177508829886703
0,0.027294321657590992
0,0.69121230179089121
0,0.059345966249408896
0,0.017112032639757774
0,0.79733834232568013
0,0.17038962184839732
0,0.066953963796318475
0,0.0070173619392740237
0,0.030422788319808991
0,0.45403459167273463
0,0.021475145356717965
0,0.053010355387044863
0,0.53105827135725858
0,0.37031271065344706
0,0.231132816985295
0,0.24618323784077889
0,0.092884658182951191
0,0.0053497483850453867
0,0.050623848133562389
0,0.0012762669297064083
0,0.0071947741188996646
0,0.024975236295600122
0,0.0030394777446631689
0,0.36048331291415342
0,0.15666608423399284
0,0.33095028427224871
0,0.0074922227709843161
0,0.13035937643970755
0,0.24136984434760411
0,0.0042776288717687764
0,0.10916619170345593
0,0.05857475229457005
0,0.53882275177577099
0,0.071575906168530462
0,0.31271700662653246
0,0.43131126353107957
0,0.01281221219959338
0,0.0097860789485819128
0,0.0066480567209145332
0,0.016630137929342904
0,0.68823977709480311
0,0.0041829412872521725
0,0.18089664103153333
0,0.0074587419222955113
0,0.0004624765837285378
0,0.48747152242999658
0,0.0013390036890973758
0,0.27572033407490648
0,0.16688523610678677
0,0.043481842256382054
0,0.047105141969871929
0,0.1502871374234282
0,0.4893510772151885
0,0.015963147513755445
0,0.14691487237794029
0,0.012341508654758773
0,0.00090909950163488523
0,0.15959182118378862
0,0.0011699333287546511
0,0.77395009652244351
0,0.042847001055150775
0,0.65525686524173155
0,0.013993829435284287
0,0.02846928953638685
0,0.078454895427469334
0,0.72168035950181464
0,0.0058752851489941738
0,0.35543485163496463
0,0.54993889764102588
0,0.13106117194562417
0,0.48962957146538605
0,0.31899726661233746
0,0.12800780805271098
0,0.083192419714389038
0,0.42854421531721038
0,0.12509259786646601
0,0.3219331027622131
0,0.0048473919871246393
0,0.65204268436351409
0,0.21971884547763532
0,0.08471133452558767
0,0.0059627090804608082
0,0.077684333118948498
0,0.16611668574768132
0,0.31325239422936907
0,0.45450791547845659
0,0.28801069431739351
0,0.022423195856146799
0,0.28636879992900532
0,0.16165497392579539
0,0.03823990718695934
0,0.54764909375595938
0,0.30074152791308478
0,0.020003693072991144
0,0.0049226299063962415
0,0.57185586262873567
0,0.02891048322356659
0,0.015534324293646788
0,0.25527106725528415
0,0.30725100157676849
0,0.15657141318660153
0,0.8186011629844977
0,0.095403628859038428
0,0.018531455379112941
0,0.014806835145932654
0,0.085716352136933557
0,0.52784849613419793
0,0.0070209569498265317
0,0.017874507578644779
0,0.13554244440144167
0,0.10258714626610987
0,0.16144153343282594
0,0.19917175301780846
0,0.056574475659952238
0,0.33062199665164227
0,0.061453045919881238
0,0.3132083073160512
0,0.0001933562726194965
0,0.019182639990077185
0,0.05284063740046438
0,0.11928808603944217
0,0.22558733689272803
0,0.83397075824026845
0,0.026219255638706734
0,0.0012560227738674825
0,0.16701857212308382
0,0.051929979821556747
0,0.73805398179726622
0,0.082332254651669587
0,0.1484779875544007
0,0.47278995307631089
0,0.87075548188427165
0,0.91659946413982596
0,0.16458780799209785
0,0.1491328859705765
0,0.0088049116876489347
0,0.02562170429390135
0,0.22662209297470648
0,0.0051439446003416437
0,0.00042576941354512609
0,0.98305973947187031
0,0.0011407149455835337
0,0.16305592788661455
0,0.27694166294273165
0,0.046115024746629978
0,0.018795502971515079
0,0.024278130839169004
0,0.003591230135659187
1,0.98747371108387627
0,0.36643022248741047
0,0.25136650957092083
0,0.012796174173056807
0,0.004540106548084768
0,0.21952850373026861
0,0.0053757639937984329
1,0.95224003121050138
0,0.066510705393747205
0,0.034305509689150818
0,0.0042827992259416216
0,0.0053595732121487875
0,0.80636055675655294
0,0.50452361485662278
0,0.19478044746350279
0,0.0054768236043448376
0,0.023762216147505209
0,0.034860105453191716
0,0.13497168195695522
0,0.62908686489425825
0,0.071492875136411158
0,0.16197569006579701
0,0.6194352011780434
0,0.067629599114007677
0,0.080186106249376582
0,0.38838592504314579
0,0.0033904799367192972
0,0.73724736703243321
0,0.02158460288795928
0,0.030581234624158227
0,0.028978808597979758
0,0.056781396144237349
0,0.0061420224854953319
0,0.14063400483856456
0,0.44016816046066498
0,0.0769311204237524
0,0.19126913650849175
0,0.0034282371191262551
0,0.0041993480020108779
0,0.050667452964415709
0,0.027965592822272761
0,0.41399173198577943
0,0.095034641633004791
0,0.070787022461160712
0,0.10860574336927159
0,0.10699856739588433
0,0.40037337844609533
0,0.22725089604513077
0,0.0062697744014658004
0,0.35732521640328457
0,0.0062964050610177366
0,0.014470572411958716
0,0.012294044360592022
0,0.2070954070294912
0,0.16009116942741264
0,0.012313947109129053
0,0.044132529613840461
0,0.058011954977990818
0,0.039926838663954835
0,0.02892776651057986
0,0.064415410134961062
0,0.17105572988640702
0,0.4120078311271399
0,0.49308139040265708
0,0.0028756317099446183
0,0.16719606462254707
0,0.051757727792131523
0,0.17428426224133614
0,0.063804588823563615
0,0.0015175200950758481
0,0.016267681013148971
0,0.66909881974593588
0,0.03384390631824654
0,0.0021014808718045914
0,0.93247384519674925
0,0.71084437845473114
0,0.0073806815658722805
0,0.14020648138364439
0,0.013219434715967269
0,0.49900557803349843
0,0.030434817515448312
0,0.058315474978731893
0,0.0084121084857825632
0,0.13457676839280475
0,0.08830136218758794
0,0.23753718933034962
0,0.020373528279493611
0,0.0072170638719987346
0,0.79069883738852365
0,0.29308292337132341
0,0.040628798585873489
0,0.074442697250837617
0,0.65746536711059456
0,0.017373214885575933
0,0.074396446960970988
0,0.059113303749926106
0,0.027209324782343745
0,0.024841319281439445
0,0.28817119375343153
0,0.022823231746699733
0,0.00076897028066790938
0,0.065103667608462534
0,0.011123330942445423
0,0.051460190140629365
0,0.11808444479199474
0,0.012785552677750073
0,0.15401204104992691
0,0.16996644024470559
0,0.037073226362477667
0,0.057231027688823315
0,0.955607684966296
0,0.18013278552312245
0,0.20258090290270128
0,0.0826329393938256
0,0.046933827469786013
0,0.3812862583321171
0,0.0019848020974951599
0,0.078026347957009828
0,0.05661011162562702
0,0.59698807122613506
0,0.76993210429169623
0,0.07117902360719644
0,0.0081305950241697452
0,0.0021634618979892418
0,0.012454723733611931
0,0.0074100805849428193
0,0.23475592638632928
0,0.023134794208431841
0,0.10804674786481437
0,0.15035619327907754
0,0.038614410494647027
0,0.34520624894962076
0,0.0099655005906716422
0,0.015414093840257067
0,0.0039193374399862429
0,0.025025177894434005
0,0.017631869282512268
0,0.50771533105150646
0,0.2894670752352293
0,0.10054336622507229
0,0.073339227187346562
0,0.53658064460680732
0,0.20642507553789721
0,0.1899758189863342
0,0.80358949457646145
0,0.18279139556644977
0,0.049430064272284184
0,0.20598375088082949
0,0.0064022342326031023
0,0.055989475192379887
0,0.0014566054085813406
0,0.0037854626231225118
0,0.029457034150464037
0,0.33150362550695678
0,0.41308933980679158
0,0.02610737902764344
0,0.035641643304435401
0,0.095231486443647748
0,0.0011175540400025969
0,0.098003902010809787
0,0.45521092440888355
0,0.058480330929134912
0,0.80402543982255759
0,0.0045759329305486733
0,0.049282993043719886
0,0.01376426721793881
0,0.0027062668797726598
0,0.053522228400285483
0,0.048774730762116233
0,0.078680734726402704
0,0.0064690624692414272
0,0.42506538872460148
0,0.034729852017372463
0,0.53492414710421388
0,0.002975366670625321
0,0.0030550476058619452
0,0.042486564769945952
0,0.014731592121170482
0,0.49326478989695788
0,0.48332877296607191
0,0.83242149956635936
0,0.059213903653251652
0,0.017784309337083967
0,0.036816351083308517
0,0.60754862656668074
0,0.029141396320328302
0,0.0018240660690463204
0,0.054932118673774566
0,0.23271939007665512
0,0.028909325246986695
0,0.015080241807285269
0,0.12431453952168697
0,0.026858666980257438
0,0.0051813908318513961
0,0.25380243342156644
0,0.0085228656348517711
0,0.019948297909221063
0,0.0097874698717254714
0,0.13184868159650215
0,0.021867113048074774
0,0.68645886257697031
0,0.20696676761200974
0,0.046951892728803721
0,0.65660854988543882
0,0.17044756221711427
1,0.98694613684541588
0,0.11783415006906514
0,0.14247657172905367
0,0.030219843329128273
0,0.039180678653876241
0,0.0010743286741738758
0,0.039823106020018664
0,0.054284740932349945
0,0.0065528987453013091
0,0.56317696551231577
0,0.04805128276317773
0,0.66549731216316088
0,0.082328194588739814
0,0.0594197393156451
1,0.9197173569613345
0,0.16313773200613269
0,0.33332282112433925
0,0.57170105306616026
0,0.00056272705244925138
0,0.11196523810230576
0,0.0018307482371219346
0,0.11246128881425257
0,0.028940815697731322
0,0.044186874659894522
0,0.018443432315645155
0,0.91499510982071375
0,0.04765713663940984
0,0.71159771257768234
0,0.21571339838380485
0,0.023436500426948937
0,0.48660596398874589
0,0.30987206014116542
0,0.062150890088859739
0,0.035023360017317241
1,0.0022962710999108148
0,0.0071826288734491931
0,0.3061258565047037
0,0.027307729996478621
0,0.083889124557629896
0,0.042211972206055208
0,0.072656858759138396
0,0.092261704043043818
0,0.023194223760935533
0,0.78860935294645906
0,0.035891898765880809
0,0.048578336665467035
0,0.023845227459053188
0,0.053972032573355408
0,0.015540390289083102
0,0.035795692562421468
0,0.023079787856041267
0,0.78090582493579042
0,0.0069954187796654561
0,0.0025484215629162873
0,0.070121109036146365
0,0.0072678534204723491
0,0.41940853654144478
0,0.4644477985848357
0,0.29785482787051792
0,0.050525910208633382
0,0.12440020519173217
0,0.49024833135120838
0,0.045174560616793771
0,0.27042234500354356
0,0.0062554255933394021
0,0.0450218211746196
0,0.020911285562679759
0,0.15052555297115378
0,0.12694745584132364
0,0.25190720530314581
0,0.023854636056101507
0,0.036926911519480528
0,0.15764605828820299
0,0.23233073282350056
0,0.19134072633914451
0,0.049196607118624454
0,0.062176749236462985
0,0.27515610427518516
0,0.1386809056826985
0,0.055369240436646885
0,0.17070060717403265
0,0.16451128892397787
0,0.06224352845467275
0,0.01178159263261358
0,0.04762390845402837
0,0.060261400488881144
0,0.43922924302378641
0,0.048353359691464995
0,0.23137841685920815
0,0.032025186987642271
0,0.16262344640616164
0,0.0029272210165046226
0,0.001316993179852113
0,0.031420181631023843
0,0.096973430528783724
0,0.77522165607210092
0,0.001286271259377399
0,0.5017591309997298
0,0.0090917191063191703
0,0.74001261115120653
0,0.023564618438117964
0,0.067489725895334238
0,0.016776675515456752
0,0.00063870301064017333
0,0.30396347425601172
0,0.031938676537186315
0,0.070948264306313819
0,0.0074917661030020101
0,0.03150507786042913
0,0.92327850549661861
0,0.026930871094589456
0,0.085550182814606204
0,0.0024372901445107605
0,0.11908119807616936
0,0.12204843389913173
0,0.0023146457281539193
0,0.28126181901176223
0,0.99081944949529333
0,0.013377788106730262
0,0.98050710375100358
0,0.060777262727497262
0,0.35647208785092216
0,0.13725006151748714
0,0.11536821679741432
0,0.19549549126486579
0,0.97982599013937222
0,0.14033086109406909
0,0.98104574992141957
0,0.10443993253990615
0,0.075973550999281964
0,0.4667041547562395
0,0.39360878431878538
1,0.90692844860292632
0,0.054407421144409641
0,0.043234214733128766
0,0.10235076589783763
0,0.01078344974119687
0,0.0029879865756933816
0,0.067022995037447144
0,0.087028184272168171
0,0.63105608485008635
0,0.042449584087002092
0,0.017372347867298216
0,0.0011187282328738862
0,0.02887793949981322
1,0.93560674904674124
0,0.028054051700158546
0,0.15385730954074811
0,0.02387843945842914
0,0.014223270375042799
0,0.083444030213189968
0,0.061439929349477444
0,0.0039019962585123327
0,0.23119998435396821
0,0.6006567770248542
0,0.46747319842113116
0,0.11250290939047843
0,0.0055296383757194095
0,0.025925256972641607
0,0.24396672058402441
0,0.0044769231986120745
1,0.98779892582914108
0,0.0069343996183911967
0,0.0078245827844748012
1,0.96264915139410068
0,0.039708776448227019
0,0.20172152320575437
1,0.99049106687901789
0,0.23167131239426653
0,0.0062063436406675837
0,0.20783840958785202
0,0.32188928071581668
0,0.32810972425228546
0,0.078250659287849772
0,0.25203098117625966
0,0.056079717399711862
0,0.0034894064827398984
0,0.021459530922881644
0,0.079809370315672576
0,0.005013086427208306
0,0.0043448565958032368
0,0.48752677919246734
0,0.16119682051041442
0,0.92096962385584769
0,0.013913398440052282
0,0.0014066551924596612
0,0.0068129535093342476
0,0.013578885748639427
0,0.70007198827587858
0,0.086076125024625957
0,0.023556028925926217
0,0.17059942473332718
0,0.21091163959775708
0,0.099019561555671154
0,0.04654100800990555
0,0.13873072674062728
0,0.18183017291710712
0,0.014083014652582271
0,0.0018291848058934622
0,0.0056590555366083824
0,0.0068352330105040365
0,0.01505585725726484
0,0.011993924434710774
0,0.86064094292725291
0,0.085206470983819602
0,0.0071192288447411234
1,0.99799437147013792
0,0.79048712340795735
0,0.015108619046699965
1,0.98291525153739057
0,0.017939676104761871
1,0.97731064405202817
0,0.081026451982607633
0,0.023333381778757212
0,0.05547601701761104
0,0.046466830013261184
0,0.026961966298136707
0,0.023538387093505961
1,0.84313878972875578
0,0.23467937567707381
0,0.0072067230948080025
0,0.089810963476119332
0,0.44350050432482729
0,0.0055097446668322695
0,0.0041853082069857935
0,0.012207100584102671
0,0.02331121468635132
0,0.061446567172874125
0,0.045261900592308495
0,0.1857816489408903
0,0.18201879523128964
0,0.37312463295290693
1,0.98656027198972185
0,0.026061310296684754
0,0.5343359965854555
0,0.083189666962704079
0,0.021014295531163591
0,0.12086515736765786
0,0.7407761530906154
0,0.0028008451037148346
0,0.70343897748720541
0,0.023168680080329435
0,0.059601457235994172
0,0.58216998362947869
0,0.060771791224723419
0,0.094732106699939742
0,0.044391022842828358
0,0.25538072168204845
0,0.60494740801285907
0,0.01950633804003445
0,0.014100024630252056
0,0.17542083694425145
0,0.022044355198626929
0,0.49497974804219463
0,0.85813145190324247
0,0.087381635997609231
0,0.39768519977877431
0,0.12186169260112029
0,0.004998537994012695
0,0.35000640287087598
0,0.84909710203683508
0,0.022605070214654462
0,0.16139643118532315
0,0.054386908357312677
0,0.324993134845107
0,0.47085740536079546
0,0.069849597998694973
0,0.0043304322583333447
0,0.24857749391667944
0,0.079539233380136645
0,0.062069393625187416
0,0.043314081265875312
0,0.3815707018778875
0,0.54568034762306661
0,0.84230913017100084
0,0.05961161993367934
0,0.14076046657689728
0,0.044556148804239186
0,0.0029357668726634287
1,0.96488447274910305
0,0.6923888877397778
0,0.0028412484196507423
0,0.10905091874373493
0,0.052383701518056248
0,0.23236748643340746
0,0.23301413383850958
0,0.72501257576192668
0,0.040392018989894578
0,0.013168646058907366
0,0.0032339694402836847
0,0.031294342044157361
0,0.00038651821565508946
0,0.15284246366699814
0,0.4970798778370174
0,0.10149972306770472
0,0.00054415794238433211
0,0.0084861859626757068
0,0.012144026905689102
0,0.14922928392593485
0,0.0032402341684518014
0,0.0031476012292418285
0,0.010713250619117804
0,0.11925267907211955
0,0.037809196808048687
0,0.0010081719179695443
0,0.028459054292581873
0,0.15337038160672203
0,0.52903470294954391
0,0.066633896310005825
0,0.72965750547256514
0,0.58602690465951923
0,0.20098663201382219
0,0.16446322029734453
0,0.20404669068263451
0,0.0052564367088250054
0,0.024216455794138142
0,0.084260216873266514
0,0.61028864376698277
0,0.040414965349749546
0,0.026315845088214364
0,0.94356706711151128
0,0.20288295194708794
0,0.10544381437292485
0,0.51638760092675073
0,0.19633913203449171
0,0.00013310772613703289
0,0.73220347185995982
0,0.60160471064008203
0,0.025444806482984188
0,0.16109083674936883
0,0.10269396853508794
0,0.46641006225978754
0,0.37221357310338599
0,0.064877945279277344
0,0.95202075433325806
0,0.0048124830171450052
0,0.9419310807037683
0,0.24822374379850148
0,0.036768951760010798
0,0.006171028600815409
0,0.015703784699272482
0,0.0055371827301965611
0,0.0047139844207912656
0,0.60332806770335157
0,0.0062674800156625899
0,0.061375475385524028
0,0.16879165234598972
0,0.021212787939858601
0,0.12213858172532067
0,0.0087058962047604199
0,0.000329499494775809
0,0.80399299680632685
0,0.06542396502269783
1,0.94577438461633478
0,0.21982019955625659
0,0.011994134592578301
0,0.084315518324048128
0,0.045775643098883378
0,0.015481425351328916
0,0.30425094672206593
0,0.037628951156263385
0,0.072634707633042347
0,0.75893162724978047
0,0.027701856777846787
0,0.011030101338086847
0,0.50985401551272147
0,0.013943200205079959
0,0.0029495886486976511
0,0.014616534316779556
0,0.074594920645892043
0,0.33900302152008532
0,0.020266745668854971
0,0.014069590685991224
0,0.12600316488198288
0,0.018383694195463686
0,0.024306837197448954
0,0.33752591774789287
0,0.28338458134224453
0,0.63835500247129606
0,0.52504458856547254
0,0.002944652136729513
0,0.25294036000013798
0,0.0039100083757129213
0,0.42642905008025606
0,0.094992084017935907
0,0.22655763920842742
0,0.80240701883257348
0,0.8447757285024633
0,0.44091804110078953
0,0.045425502983123284
0,0.0029129152073880194
0,0.42052423559295954
0,0.01200508056410788
0,0.02779340805990305
0,0.002483469427820188
0,0.027409640568868947
0,0.26696342487593516
0,0.07409865853777102
0,0.078308399925278174
0,0.10461610768264071
0,0.21812948710670294
0,0.27313554023411252
0,0.56153715581920483
0,0.14281559246468634
0,0.65082306074016238
0,0.42813194379251934
0,0.049854845091776824
0,0.050774237374926173
0,0.001951434395966158
0,0.00059891467765501682
0,0.00790169199264322
0,0.16649095680356246
0,0.17004317615829925
0,0.83493960476109552
0,0.073539534784108754
1,0.99674575829359657
0,0.51663954393898914
0,0.017626657481903934
0,0.013176836700470386
0,0.090179485143786389
0,0.50875220370237129
0,0.090399409606967115
0,0.098746336948135033
0,0.048539579111179322
0,0.052333286972852243
0,0.11438546269477332
0,0.067463643394285622
0,0.067899773209717879
0,0.80729801485928132
0,0.23270910723042229
0,0.62322135684292224
0,0.0098290165254856371
0,0.75852371173871502
0,0.12118723805255077
0,0.32095623884052116
0,0.24339207536464003
0,0.00073741371538041237
0,0.0040481569662029994
0,0.028272940489755462
0,0.38524977692345858
0,0.01444121093242909
0,0.018444423711630787
0,0.038720326153942969
0,0.15926765973660256
0,0.56463894839341067
0,0.14313389624244166
0,0.01035962081750454
0,0.044816610719395571
0,0.017441167287729448
0,0.33910645531231953
0,0.012920517910884183
1,0.98202847356416134
0,0.11446695929295732
0,0.26885570813908871
0,0.7114806827160135
0,0.013255914706639576
0,0.0086109340280486647
0,0.016593455326619537
0,0.003389044437758398
0,0.21508238686156023
0,0.19365331611150574
0,0.10429914663043525
0,0.33661741775226073
0,0.34266688795752281
0,0.0059875761059806076
0,0.43188113457503108
0,0.10459104279594264
0,0.19092229057063728
0,0.026596320380713939
0,0.0024973959398953806
0,0.084106579109366586
0,0.04841684877341617
0,0.018711290937142713
0,0.32553218043884552
0,0.24389160070826243
0,0.38768671293124135
0,0.030855130750439778
0,0.0040052696225144216
0,0.20818665130373634
0,0.93843520186968787
0,0.0059561225333474178
0,0.0012160254763696314
0,0.00065722267980141411
0,0.36041084846897758
0,0.79206491358454956
0,0.11896576347069651
0,0.022081774181405136
0,0.032055275080711994
0,0.10367954257912693
0,0.23380262370579161
0,0.046316560810596936
0,0.015337289785196882
0,0.016327591696507875
0,0.80380928948666774
0,0.15196354763872433
0,0.15004035436576774
0,0.00076685232493031383
0,0.0096178364751288593
0,0.006289346115308056
0,0.021800999344365316
0,0.80308780512958
0,0.023926502395891402
0,0.27742479811015985
0,0.2540169144130624
0,0.039981036094087083
0,0.12074629960878347
0,0.0090133339734190434
0,0.098097799959781615
0,0.04670598739475542
0,0.018976235428091185
0,0.089039249948396321
0,0.098951319428118606
0,0.0027702183313014213
0,0.16077886881372772
0,0.061386558632546148
0,0.0019646292585861805
0,0.023617290042565457
0,0.032821630733397118
0,0.052459460531439739
0,0.20473168672768471
0,0.060957150106176673
0,0.81456692087484472
0,0.38927598039851408
0,0.042379285484555433
0,0.17428978173836515
0,0.29286727739205715
0,0.26580902901153536
0,0.43731184469844309
0,0.16860347793097955
0,0.011239343143304745
0,0.075532153052986342
0,0.016348585436594416
0,0.54666322900637232
0,0.029139952455151663
0,0.54027614552131276
0,0.42857794937541172
0,0.34235653583410491
0,0.0015757772332078313
0,0.23548988737093177
0,0.0043425930078251655
0,0.026210540708480137
0,0.060024793746252546
0,0.037429156677188199
0,0.020877346973172606
0,0.014905536498858079
0,0.00089742426490165385
0,0.51443512854705375
0,0.76222650538790948
0,0.10740723880018051
0,0.15958460974260102
0,0.3771885428015373
0,0.93767424700607704
0,0.15243852394143703
0,0.097436742898734469
0,0.98763606177039953
0,0.57626664085212775
0,0.17573373249668103
0,0.085693597312709494
0,0.018190007198529347
0,0.11208807003541077
0,0.053319526916134972
0,0.016316617588324277
0,0.047083023000947272
0,0.72533124338850985
0,0.13846656087584766
0,0.0020625627748788369
0,0.074345821528301187
0,0.49004578107499142
0,0.0020956839303236715
0,0.078903738533176934
0,0.020989201310945303
0,0.63083451705772697
0,0.36232928408064113
0,0.081271315815058476
0,0.066865929739112748
0,0.013798063526047103
0,0.14197666096201231
0,0.73379946304626742
0,0.28243293506368378
0,0.096788776357151135
0,0.40697742376338236
0,0.39929420836124269
0,0.12833552243638394
0,0.39533685670648422
0,0.57679363517270343
0,0.63362526588199886
0,0.32698390070485456
0,0.017223708042671738
0,0.50181405798525025
0,0.093465844792163577
0,0.91659882226275813
0,0.12226477558907721
0,0.0016134906003049069
0,0.023952828481160357
0,0.0005418356616171717
0,0.018022521371836374
0,0.85553709520988586
0,0.49441322572786744
0,0.0088513555600874452
0,0.0040243064199663977
0,0.031736549344283951
0,0.0081644712213017889
0,0.04227863379846749
0,0.22725242037257748
0,0.14232225580297433
0,0.056106499324262121
0,0.13417674186734904
0,0.71334118995851792
0,0.12005583807494652
0,0.0068513974874921078
0,0.29535385437427791
0,0.13338101374306086
0,0.13613885683154758
0,0.015387571300646051
0,0.025468721327521954
0,0.076778361594168343
0,0.0030936091727295219
0,0.23376358523509227
0,0.30944306058300058
0,0.0012074366431241163
0,0.0025399757851027917
0,0.10386769934900755
0,0.40324599356417423
0,0.047319832831876574
0,0.7937883905746026
0,0.030708322088835054
1,0.97069729636632263
0,0.021159602689281569
0,0.0052225451950853241
0,0.35838800337881488
0,0.62421059744743423
0,0.020209640298081911
0,0.017559784605944831
0,0.013474852311650859
0,0.030964526758149025
0,0.3198071719701624
0,0.0022245954292119527
0,0.02740366063668697
0,0.064477909164728314
0,0.3034031976875104
0,0.037794746548236099
0,0.1582549693448681
0,0.079606906469684713
0,0.25084967140895081
0,0.12767720848347411
0,0.66378892442030801
1,0.99756495731502381
0,0.48372380222374539
0,0.013725786165021922
0,0.15312606988144264
0,0.0034368097520863475
0,0.039425219398717258
0,0.036525227957914019
0,0.015526199700154267
0,0.14700866207625291
0,0.06033566766065046
0,0.18583437538217329
0,0.023474945528357407
1,0.85183985463973366
0,0.60738313340060979
0,0.016213641967221883
0,0.059861990471337334
0,0.32402514800029886
0,0.01558591153776793
0,0.02503548825069201
0,0.0061993146516136719
0,0.22405240212681718
0,0.7251120832418847
0,0.34472793526166468
0,0.93674498205720713
0,0.11431674599134144
0,0.042319429284587914
1,0.97334628676662538
0,0.28831812247486166
0,0.19630934564694091
0,0.01972421623533608
0,0.9843959128560763
0,0.1037410481804724
0,0.0092223384783685167
0,0.023244744416749143
0,0.042453743761552545
0,0.010751455973770255
0,0.85612110729628632
0,0.42271843572916773
0,0.24465325782707853
0,0.64587419746684038
0,0.01252250176557922
0,0.018303227851284382
0,0.17102778478789463
0,0.1151454330709324
0,0.0026881797592391964
0,0.062874881142946204
0,0.034831620029220363
0,0.11950385920260756
0,0.32699273647886201
0,0.07051577197089906
0,0.17123621670525233
0,0.10814129156999266
0,0.050790049479196568
0,0.053267444747195497
0,0.19956600910046698
0,0.0096636713433986554
0,0.0027273602167714431
0,0.043020245031641056
0,0.035972913121273487
0,0.043217517905012756
0,0.241731435009892
0,0.6337594621995789
0,0.11134501448865988
0,0.126090413434993
0,0.77261256809424472
0,0.28676446419207424
0,0.036004985507888707
0,0.20134613386456476
0,0.12655372662757558
0,0.017890133905847188
0,0.5854409013477101
0,0.00024310323390171993
0,0.43329144325813623
0,0.50039707295770441
0,0.001766665486162593
0,0.044877266149822466
0,0.0037111981911542142
0,0.094731258127834034
0,0.013466661363018157
0,0.41725834076360035
0,0.16476258563195004
0,0.26099961873347616
0,0.058611306835380447
0,0.57209513991518168
0,0.11831184779690286
0,0.0035759638845375948
0,0.7380338633453043
0,0.29279704378944804
0,0.023665081356780155
0,0.010813736045231465
0,0.025685084175111929
0,0.015810004467072414
0,0.4034605044748385
0,0.0055368148750011524
0,0.029805323852335128
0,0.059176922014818445
0,0.0014829316889792173
0,0.011154502725103675
0,0.061822697277281159
0,0.24496980364729434
0,0.079371825280720829
0,0.25318705927047919
0,0.017303430295960813
0,0.43588883588769956
0,0.0029920734977533989
0,0.04980556131949461
0,0.1817555886379506
0,0.10582514085312346
0,0.085466872091595758
0,0.0079252951754959847
0,0.023215382562454472
0,0.071178990972487144
0,0.00037700532147853485
0,0.012245232377186489
0,0.13893528935200539
0,0.15905442017057067
0,0.0019726604371885946
0,0.033985877691438439
0,0.006528443725760536
0,0.0015590832163131243
0,0.28268044402766035
0,0.0057480463194481126
0,0.025531073563739255
0,0.022514523460138953
0,0.0029928023400076962
0,0.0076103617909699011
0,0.0089719087843617065
0,0.25973712298617474
0,0.026548406167377771
0,0.33623277474169866
0,0.0098340678909133832
0,0.23558153769878792
0,0.022377037767140253
0,0.79705625239097444
0,0.091501211265140367
0,0.0034218968687723646
0,0.23775397801234452
0,0.08300925548254641
0,0.88740469067105643
0,0.71537683038092836
0,0.059702921738657495
0,0.015769401829073448
0,0.83450308616708535
1,0.8691452985611825
0,0.0038420394377613408
0,0.19778247323439582
0,0.43227697757826816
0,0.94135416428781749
0,0.20311564553137029
0,0.063169622670822392
0,0.27736992821848305
0,0.024985539172323611
0,0.010552193758992311
0,0.40495697504693884
0,0.27140860788147381
0,0.0071932494575378892
0,0.38453506702023993
0,0.0015538913441322869
0,0.031562899841146741
0,0.4117570302526109
0,0.1083598159295671
0,0.0062040263029155109
0,0.58174763261872786
0,0.085629787849633571
0,0.035974474132812899
0,0.016525844960109774
0,0.37330644539947855
0,0.33440406235115194
0,0.73432814669214064
0,0.058776084884900194
0,0.035111366110837712
0,0.26278392474753903
0,0.029676410599223085
1,0.30289358020943091
1,0.98358812178792354
0,0.17936458981120956
0,0.66328447645268795
0,0.018453685128884074
0,0.012923493468240009
0,0.32416310649947661
0,0.22214213850169698
0,0.59100015014523033
0,0.0033373844858342228
0,0.019465748126671834
0,0.074680071462923672
0,0.0031230214145295081
0,0.034746243827738506
0,0.0133943278864131
0,0.56425724145323508
0,0.11841825167971952
0,0.42407704688796838
0,0.03527540957327898
0,0.0155141531009747
0,0.012881054154611778
0,0.14185498665881172
0,0.072794966798308464
0,0.85421153559306995
0,0.87142373852130661
0,0.1947043533547321
0,0.97474160359150386
0,0.028946721664059261
0,0.69436343246140775
0,0.0068511825059645428
0,0.1285787261163798
0,0.095378481734486459
0,0.1039835928738201
0,0.92785126859440403
0,0.20968060843619102
0,0.025547348018173242
0,0.037692049819068353
0,0.021494178193063037
0,0.11141971914668823
0,0.52648723462348923
0,0.00047121114951736889
0,0.018122239470456297
0,0.55190089592650249
0,0.51765522440231748
0,0.0046761058512875976
0,0.1823181297502402
0,0.0029494234650569028
0,0.35474354845618089
0,0.016598604954376223
0,0.0011476409196554448
0,0.0076306146712793238
0,0.81184015997636472
0,0.039786995578382507
0,0.00093639331501718963
0,0.20352200697752124
1,0.95197458005981861
0,0.051167069584803715
0,0.18457112731285424
0,0.0028671566469408044
0,0.1649030740948792
0,0.090771895607207567
0,0.043786061778945534
0,0.16122255913388678
0,0.11715743661468259
0,0.27702589794434496
0,0.058802303740886706
0,0.086270702630504612
0,0.075998360862216646
0,0.0039637047755214866
0,0.058245556025884215
0,0.019140559257984049
0,0.012877505049400341
0,0.58317344060093479
0,0.031098180219129728
1,0.96223570930227187
0,0.038763411103891206
0,0.29821513749515355
0,0.00056421576370719641
0,0.0077483883640313183
0,0.024226997790011039
0,0.041266702288290102
0,0.27884351443540045
0,0.034271493757015555
0,0.10599887448764768
0,0.16993255551733646
0,0.21038057464672574
0,0.0035792082390442544
0,0.12615212246148383
0,0.80984699209483979
0,0.23061222912967017
0,0.16681536041858913
0,0.79365729365141813
0,0.030026741049596913
0,0.003065478458200278
0,0.2232278020582141
0,0.052351752734580655
0,0.018739034665990653
0,0.16642101043970414
0,0.76910142653686075
0,0.80191931913565195
0,0.30389861664912915
0,0.59689279247797622
0,0.33876746303684679
0,0.033841370527646839
0,0.00090738046267717777
0,0.49032505178498015
0,0.25054957190473659
0,0.039944517512697827
0,0.029485538573727158
0,0.33751719770313926
0,0.053453240397264574
0,0.007708234858799296
0,0.23483779051059703
0,0.0070163601427806104
