label,plain,weighted,undersampled
0,0.0050000000000000001,0.0050000000000000001,0.105
0,0.02,0.01,0.11
0,0.014999999999999999,0.0050000000000000001,0.089999999999999997
0,0.0050000000000000001,0.0050000000000000001,0.20000000000000001
0,0.035000000000000003,0.014999999999999999,0.34999999999999998
0,0,0,0.040000000000000001
0,0.014999999999999999,0.014999999999999999,0.074999999999999997
0,0,0.0050000000000000001,0.074999999999999997
0,0.0050000000000000001,0.0050000000000000001,0.085000000000000006
0,0,0,0.055
0,0,0,0.050000000000000003
0,0.01,0,0.070000000000000007
0,0.014999999999999999,0,0.155
0,0,0.0050000000000000001,0.050000000000000003
0,0.014999999999999999,0.029999999999999999,0.12
0,0.105,0.185,0.46500000000000002
0,0,0.0050000000000000001,0.055
0,0.23999999999999999,0.105,0.59999999999999998
0,0,0,0.050000000000000003
0,0.074999999999999997,0.095000000000000001,0.41999999999999998
0,0,0.014999999999999999,0.089999999999999997
0,0.035000000000000003,0.029999999999999999,0.14000000000000001
0,0.0050000000000000001,0.014999999999999999,0.11
0,0.014999999999999999,0.014999999999999999,0.17499999999999999
0,0.059999999999999998,0.050000000000000003,0.17999999999999999
0,0,0,0.13
0,0,0.0050000000000000001,0.059999999999999998
0,0,0.01,0.095000000000000001
0,0.055,0.01,0.26500000000000001
0,0.0050000000000000001,0,0.074999999999999997
0,0,0,0.055
0,0.0050000000000000001,0,0.02
0,0.035000000000000003,0.02,0.23000000000000001
0,0.13,0.02,0.46500000000000002
0,0.040000000000000001,0.044999999999999998,0.16
0,0.0050000000000000001,0.0050000000000000001,0.16
0,0,0,0.035000000000000003
0,0.014999999999999999,0.0050000000000000001,0.095000000000000001
0,0.11,0,0.31
0,0.080000000000000002,0.22500000000000001,0.42499999999999999
0,0.0050000000000000001,0,0.035000000000000003
0,0.014999999999999999,0.0050000000000000001,0.070000000000000007
0,0,0,0.029999999999999999
0,0.02,0.040000000000000001,0.16500000000000001
0,0,0.0050000000000000001,0.040000000000000001
0,0.070000000000000007,0.085000000000000006,0.375
0,0.025000000000000001,0.014999999999999999,0.14000000000000001
0,0.029999999999999999,0.01,0.20499999999999999
1,0.69999999999999996,0.46000000000000002,0.85499999999999998
0,0,0.02,0.095000000000000001
0,0.044999999999999998,0.050000000000000003,0.23499999999999999
0,0,0.0050000000000000001,0.025000000000000001
0,0.11,0.19,0.56999999999999995
0,0.23499999999999999,0.155,0.435
0,0.0050000000000000001,0,0.055
1,0.070000000000000007,0.035000000000000003,0.315
0,0.0050000000000000001,0.0050000000000000001,0.085000000000000006
0,0.085000000000000006,0.035000000000000003,0.45500000000000002
0,0.0050000000000000001,0.0050000000000000001,0.14499999999999999
0,0,0.0050000000000000001,0.105
0,0,0,0.055
0,0.014999999999999999,0,0.074999999999999997
0,0.035000000000000003,0.029999999999999999,0.17999999999999999
0,0.0050000000000000001,0.0050000000000000001,0.089999999999999997
1,0.085000000000000006,0.035000000000000003,0.32000000000000001
0,0,0.01,0.115
0,0.0050000000000000001,0.0050000000000000001,0.040000000000000001
0,0.0050000000000000001,0,0.035000000000000003
0,0,0.02,0.115
0,0,0.0050000000000000001,0.074999999999999997
0,0.0050000000000000001,0,0.095000000000000001
0,0,0,0.10000000000000001
0,0.0050000000000000001,0.014999999999999999,0.105
0,0.0050000000000000001,0,0.085000000000000006
0,0.044999999999999998,0.025000000000000001,0.28499999999999998
0,0.085000000000000006,0.12,0.32000000000000001
0,0.095000000000000001,0.025000000000000001,0.34499999999999997
0,0,0,0.089999999999999997
0,0.02,0.040000000000000001,0.13
0,0.02,0.0050000000000000001,0.085000000000000006
0,0.080000000000000002,0.055,0.245
0,0.01,0,0.050000000000000003
0,0,0,0.025000000000000001
0,0.115,0.16,0.48999999999999999
0,0,0,0.029999999999999999
0,0,0,0.029999999999999999
0,0.105,0.065000000000000002,0.48999999999999999
0,0.02,0.070000000000000007,0.13500000000000001
0,0,0,0.125
0,0.014999999999999999,0.02,0.13
0,0.044999999999999998,0.014999999999999999,0.31
1,0.76000000000000001,0.58999999999999997,0.90000000000000002
0,0,0.01,0.085000000000000006
0,0,0,0.074999999999999997
0,0.040000000000000001,0.029999999999999999,0.36499999999999999
0,0.029999999999999999,0.02,0.10000000000000001
0,0.0050000000000000001,0.01,0.20000000000000001
0,0.095000000000000001,0.02,0.23999999999999999
0,0,0,0.029999999999999999
0,0,0.01,0.11
0,0.014999999999999999,0,0.065000000000000002
0,0.0050000000000000001,0.0050000000000000001,0.10000000000000001
0,0,0,0.040000000000000001
0,0,0,0.050000000000000003
0,0.025000000000000001,0.014999999999999999,0.14000000000000001
0,0.050000000000000003,0.14000000000000001,0.47499999999999998
0,0,0,0.02
0,0.0050000000000000001,0.0050000000000000001,0.14499999999999999
0,0.0050000000000000001,0.0050000000000000001,0.125
0,0.02,0.01,0.19500000000000001
0,0,0,0.059999999999999998
0,0.0050000000000000001,0.0050000000000000001,0.080000000000000002
0,0.035000000000000003,0.065000000000000002,0.36499999999999999
0,0,0.0050000000000000001,0.029999999999999999
0,0,0.01,0.089999999999999997
0,0.01,0.014999999999999999,0.050000000000000003
0,0.059999999999999998,0.01,0.28000000000000003
0,0.01,0.01,0.085000000000000006
0,0.050000000000000003,0.105,0.41499999999999998
0,0,0,0.01
0,0.0050000000000000001,0.0050000000000000001,0.10000000000000001
0,0,0.0050000000000000001,0.074999999999999997
0,0.014999999999999999,0.02,0.19500000000000001
0,0.0050000000000000001,0,0.105
0,0,0,0.025000000000000001
0,0,0.0050000000000000001,0.085000000000000006
0,0.02,0.02,0.20000000000000001
0,0,0,0.055
0,0,0,0.105
0,0,0.0050000000000000001,0.115
0,0,0.01,0.14000000000000001
0,0,0,0.20499999999999999
0,0.025000000000000001,0.01,0.27500000000000002
0,0.33500000000000002,0.38500000000000001,0.72499999999999998
0,0.02,0.025000000000000001,0.155
0,0.029999999999999999,0.035000000000000003,0.22
0,0.014999999999999999,0,0.10000000000000001
0,0,0,0.035000000000000003
0,0,0,0.089999999999999997
0,0.0050000000000000001,0.014999999999999999,0.17499999999999999
0,0.01,0,0.074999999999999997
0,0.01,0.050000000000000003,0.22500000000000001
0,0.050000000000000003,0.0050000000000000001,0.22500000000000001
0,0.025000000000000001,0.014999999999999999,0.13500000000000001
0,0,0,0.089999999999999997
0,0.02,0,0.26000000000000001
0,0,0,0.085000000000000006
0,0,0.0050000000000000001,0.105
0,0.059999999999999998,0.02,0.315
0,0.059999999999999998,0.02,0.33500000000000002
0,0.02,0.014999999999999999,0.13
0,0.065000000000000002,0.01,0.26500000000000001
0,0.029999999999999999,0.025000000000000001,0.095000000000000001
0,0.059999999999999998,0.02,0.40500000000000003
0,0.025000000000000001,0.0050000000000000001,0.185
0,0,0,0.050000000000000003
0,0.025000000000000001,0.044999999999999998,0.28000000000000003
0,0,0,0.025000000000000001
0,0.01,0.01,0.065000000000000002
0,0.050000000000000003,0.070000000000000007,0.26500000000000001
0,0,0.01,0.059999999999999998
0,0.044999999999999998,0.0050000000000000001,0.34999999999999998
0,0.0050000000000000001,0,0.044999999999999998
0,0.014999999999999999,0,0.040000000000000001
0,0.0050000000000000001,0.0050000000000000001,0.12
0,0,0,0.014999999999999999
0,0.014999999999999999,0.044999999999999998,0.19
1,0.040000000000000001,0.029999999999999999,0.215
0,0.01,0,0.055
0,0.0050000000000000001,0,0.040000000000000001
0,0,0.0050000000000000001,0.055
0,0,0,0.014999999999999999
0,0.01,0,0.11
0,0,0,0.025000000000000001
0,0.01,0.014999999999999999,0.20999999999999999
0,0.01,0,0.065000000000000002
0,0.0050000000000000001,0,0.02
0,0.0050000000000000001,0.01,0.23999999999999999
0,0.0050000000000000001,0,0.029999999999999999
0,0,0,0.070000000000000007
0,0.0050000000000000001,0,0.14000000000000001
0,0.01,0.0050000000000000001,0.16500000000000001
0,0.01,0.0050000000000000001,0.095000000000000001
0,0.0050000000000000001,0.0050000000000000001,0.035000000000000003
0,0.0050000000000000001,0.0050000000000000001,0.14499999999999999
0,0.025000000000000001,0.044999999999999998,0.29999999999999999
0,0.0050000000000000001,0.01,0.055
0,0,0,0.025000000000000001
0,0,0,0.065000000000000002
0,0.055,0.01,0.26000000000000001
0,0.02,0,0.38
0,0.065000000000000002,0.070000000000000007,0.39000000000000001
0,0.01,0.01,0.14000000000000001
0,0.0050000000000000001,0.01,0.044999999999999998
0,0.0050000000000000001,0.01,0.16
0,0.115,0.014999999999999999,0.28499999999999998
0,0.0050000000000000001,0,0.074999999999999997
0,0.34499999999999997,0.085000000000000006,0.68999999999999995
1,0.315,0.54500000000000004,0.59499999999999997
0,0,0.0050000000000000001,0.035000000000000003
0,0.0050000000000000001,0,0.035000000000000003
0,0.0050000000000000001,0,0.12
0,0.0050000000000000001,0,0.059999999999999998
0,0,0,0.0050000000000000001
0,0.0050000000000000001,0,0.10000000000000001
0,0,0,0.10000000000000001
0,0.02,0.02,0.255
0,0.014999999999999999,0.0050000000000000001,0.10000000000000001
0,0,0,0.040000000000000001
0,0.040000000000000001,0.01,0.27500000000000002
0,0.01,0.0050000000000000001,0.070000000000000007
0,0.0050000000000000001,0.0050000000000000001,0.085000000000000006
0,0.044999999999999998,0.02,0.23000000000000001
0,0.0050000000000000001,0.0050000000000000001,0.035000000000000003
0,0.0050000000000000001,0,0.070000000000000007
0,0.01,0.0050000000000000001,0.155
0,0.01,0.029999999999999999,0.20499999999999999
0,0.01,0.0050000000000000001,0.115
0,0.01,0.01,0.055
0,0.035000000000000003,0.035000000000000003,0.19
0,0.014999999999999999,0.0050000000000000001,0.20499999999999999
1,0.035000000000000003,0.059999999999999998,0.32500000000000001
0,0,0.0050000000000000001,0.044999999999999998
0,0,0.0050000000000000001,0.11
0,0.080000000000000002,0.02,0.42499999999999999
0,0.02,0.025000000000000001,0.20999999999999999
0,0.0050000000000000001,0.029999999999999999,0.17999999999999999
0,0.014999999999999999,0.01,0.20999999999999999
0,0.095000000000000001,0.025000000000000001,0.37
0,0.080000000000000002,0.070000000000000007,0.48999999999999999
0,0.10000000000000001,0.28000000000000003,0.51500000000000001
0,0,0.025000000000000001,0.089999999999999997
0,0.01,0.029999999999999999,0.19
0,0.055,0.040000000000000001,0.30499999999999999
0,0.01,0.0050000000000000001,0.089999999999999997
0,0.029999999999999999,0.0050000000000000001,0.17499999999999999
0,0.040000000000000001,0,0.14999999999999999
0,0,0.01,0.105
0,0,0.0050000000000000001,0.014999999999999999
0,0.040000000000000001,0.13500000000000001,0.46000000000000002
0,0,0.0050000000000000001,0.105
0,0.02,0.01,0.115
0,0.16500000000000001,0.14999999999999999,0.55500000000000005
0,0.029999999999999999,0.0050000000000000001,0.23999999999999999
0,0,0.01,0.089999999999999997
0,0.059999999999999998,0.014999999999999999,0.26500000000000001
0,0.025000000000000001,0.014999999999999999,0.125
0,0.01,0,0.10000000000000001
0,0.02,0.035000000000000003,0.34499999999999997
0,0,0,0.065000000000000002
0,0.0050000000000000001,0.029999999999999999,0.12
0,0,0,0.014999999999999999
0,0.11,0.02,0.44500000000000001
0,0.0050000000000000001,0,0.025000000000000001
0,0,0,0.105
0,0.0050000000000000001,0,0.089999999999999997
0,0,0,0.050000000000000003
0,0.02,0.014999999999999999,0.30499999999999999
0,0.014999999999999999,0.0050000000000000001,0.11
0,0,0.0050000000000000001,0.050000000000000003
0,0.38,0.28000000000000003,0.69499999999999995
0,0.01,0,0.040000000000000001
0,0,0,0.115
0,0.0050000000000000001,0.01,0.11
0,0.0050000000000000001,0.02,0.14999999999999999
0,0.01,0.014999999999999999,0.055
0,0.02,0.02,0.125
0,0.029999999999999999,0.01,0.20499999999999999
0,0,0,0.029999999999999999
0,0.0050000000000000001,0,0.14499999999999999
0,0.02,0.044999999999999998,0.17000000000000001
0,0.01,0.01,0.17499999999999999
0,0.02,0.040000000000000001,0.16
0,0.0050000000000000001,0,0.13500000000000001
0,0.0050000000000000001,0,0.070000000000000007
0,0.01,0.01,0.105
0,0,0.0050000000000000001,0.035000000000000003
0,0.0050000000000000001,0,0.074999999999999997
0,0.0050000000000000001,0.0050000000000000001,0.050000000000000003
0,0.0050000000000000001,0.0050000000000000001,0.13500000000000001
0,0.014999999999999999,0.040000000000000001,0.22500000000000001
0,0,0.025000000000000001,0.19
0,0.0050000000000000001,0.014999999999999999,0.23000000000000001
0,0.089999999999999997,0.20999999999999999,0.35999999999999999
0,0.0050000000000000001,0,0.035000000000000003
0,0.035000000000000003,0.01,0.13
0,0.02,0.065000000000000002,0.28000000000000003
0,0,0,0.059999999999999998
0,0.0050000000000000001,0.02,0.16
0,0.055,0.01,0.19500000000000001
0,0.0050000000000000001,0,0.074999999999999997
0,0.14999999999999999,0.105,0.5
0,0.0050000000000000001,0,0.105
0,0.040000000000000001,0.029999999999999999,0.315
0,0.02,0.0050000000000000001,0.125
0,0.0050000000000000001,0,0.035000000000000003
0,0.014999999999999999,0,0.14999999999999999
0,0.0050000000000000001,0,0.029999999999999999
0,0,0.0050000000000000001,0.040000000000000001
1,0.050000000000000003,0.095000000000000001,0.46999999999999997
0,0,0,0.029999999999999999
0,0.02,0.040000000000000001,0.23499999999999999
0,0.025000000000000001,0.01,0.17499999999999999
0,0.029999999999999999,0.040000000000000001,0.19500000000000001
0,0.0050000000000000001,0,0.0050000000000000001
1,0.23000000000000001,0.28000000000000003,0.68000000000000005
0,0.014999999999999999,0.02,0.095000000000000001
0,0,0,0.050000000000000003
0,0.050000000000000003,0.080000000000000002,0.53500000000000003
0,0.040000000000000001,0.025000000000000001,0.22500000000000001
0,0,0,0.014999999999999999
0,0.01,0.0050000000000000001,0.085000000000000006
0,0.025000000000000001,0.014999999999999999,0.27000000000000002
0,0,0,0.050000000000000003
0,0.01,0,0.105
0,0.035000000000000003,0.02,0.34999999999999998
0,0,0,0.089999999999999997
0,0,0,0.050000000000000003
0,0.01,0.029999999999999999,0.13500000000000001
0,0.0050000000000000001,0.01,0.055
0,0.0050000000000000001,0,0.014999999999999999
0,0.01,0,0.074999999999999997
0,0,0,0.025000000000000001
0,0.0050000000000000001,0.01,0.025000000000000001
0,0.025000000000000001,0.029999999999999999,0.245
0,0.059999999999999998,0.040000000000000001,0.33000000000000002
0,0.01,0.0050000000000000001,0.13
0,0.029999999999999999,0.014999999999999999,0.255
0,0,0,0.035000000000000003
0,0,0,0.035000000000000003
0,0,0.065000000000000002,0.19
0,0,0.0050000000000000001,0.044999999999999998
0,0.0050000000000000001,0.01,0.12
0,0.0050000000000000001,0,0.055
0,0,0,0.050000000000000003
0,0.035000000000000003,0.19500000000000001,0.19500000000000001
1,0.115,0.14499999999999999,0.44
0,0.040000000000000001,0.025000000000000001,0.34000000000000002
0,0,0,0.01
0,0.0050000000000000001,0.0050000000000000001,0.044999999999999998
0,0.035000000000000003,0,0.11
0,0,0.0050000000000000001,0.074999999999999997
1,0.22,0.17999999999999999,0.64500000000000002
0,0,0,0.044999999999999998
0,0.02,0.014999999999999999,0.16
0,0.055,0.044999999999999998,0.20999999999999999
0,0.11,0.050000000000000003,0.255
0,0.02,0.01,0.035000000000000003
0,0,0,0.074999999999999997
0,0,0,0.014999999999999999
0,0,0,0.02
0,0.01,0.0050000000000000001,0.070000000000000007
0,0.025000000000000001,0.014999999999999999,0.16500000000000001
0,0.01,0.0050000000000000001,0.13500000000000001
0,0.029999999999999999,0.02,0.085000000000000006
0,0.035000000000000003,0.029999999999999999,0.245
0,0,0,0.02
0,0,0,0.080000000000000002
0,0.050000000000000003,0.089999999999999997,0.435
0,0.025000000000000001,0.029999999999999999,0.215
0,0.0050000000000000001,0,0.029999999999999999
0,0.0050000000000000001,0,0.014999999999999999
0,0.070000000000000007,0.040000000000000001,0.31
0,0.01,0.0050000000000000001,0.040000000000000001
0,0.014999999999999999,0.0050000000000000001,0.050000000000000003
0,0.014999999999999999,0.01,0.13
0,0.025000000000000001,0.044999999999999998,0.12
0,0.16500000000000001,0.055,0.47999999999999998
0,0,0.0050000000000000001,0.055
0,0.095000000000000001,0.059999999999999998,0.41499999999999998
0,0.01,0.014999999999999999,0.155
0,0.0050000000000000001,0.0050000000000000001,0.025000000000000001
0,0.32500000000000001,0.13,0.56000000000000005
0,0.029999999999999999,0.02,0.25
0,0.080000000000000002,0.025000000000000001,0.30499999999999999
0,0.01,0.0050000000000000001,0.070000000000000007
0,0,0,0.029999999999999999
0,0,0.0050000000000000001,0.040000000000000001
0,0.035000000000000003,0.035000000000000003,0.35999999999999999
0,0,0.0050000000000000001,0.040000000000000001
0,0.014999999999999999,0,0.29499999999999998
0,0.0050000000000000001,0.02,0.040000000000000001
0,0.070000000000000007,0.025000000000000001,0.41499999999999998
0,0,0.02,0.13
0,0,0,0.050000000000000003
0,0.095000000000000001,0.050000000000000003,0.36499999999999999
1,0.375,0.46999999999999997,0.71999999999999997
0,0.029999999999999999,0.014999999999999999,0.32000000000000001
0,0.02,0.01,0.14499999999999999
0,0.0050000000000000001,0,0.055
0,0.01,0.0050000000000000001,0.02
0,0,0,0.025000000000000001
0,0.0050000000000000001,0,0.044999999999999998
0,0.014999999999999999,0.0050000000000000001,0.22
0,0,0.0050000000000000001,0.014999999999999999
0,0.0050000000000000001,0.014999999999999999,0.155
0,0.01,0.0050000000000000001,0.14499999999999999
0,0.025000000000000001,0.050000000000000003,0.35499999999999998
0,0.01,0.02,0.125
0,0.025000000000000001,0.02,0.17499999999999999
0,0.085000000000000006,0.070000000000000007,0.23999999999999999
0,0.044999999999999998,0.029999999999999999,0.22500000000000001
0,0.050000000000000003,0.040000000000000001,0.34499999999999997
0,0.01,0.02,0.23999999999999999
0,0.0050000000000000001,0,0.080000000000000002
0,0.0050000000000000001,0,0.050000000000000003
0,0,0.01,0.035000000000000003
0,0.029999999999999999,0.025000000000000001,0.125
0,0.014999999999999999,0.0050000000000000001,0.23499999999999999
0,0,0.0050000000000000001,0.105
0,0.055,0.014999999999999999,0.41999999999999998
0,0.029999999999999999,0.014999999999999999,0.185
0,0,0,0.040000000000000001
0,0.044999999999999998,0.035000000000000003,0.32000000000000001
0,0,0,0.040000000000000001
0,0.025000000000000001,0.01,0.074999999999999997
0,0.014999999999999999,0.014999999999999999,0.16500000000000001
0,0.014999999999999999,0.01,0.014999999999999999
0,0.059999999999999998,0.055,0.35999999999999999
0,0.0050000000000000001,0,0.070000000000000007
0,0,0.0050000000000000001,0.044999999999999998
0,0,0.01,0.055
0,0.014999999999999999,0.014999999999999999,0.10000000000000001
0,0.029999999999999999,0.025000000000000001,0.33500000000000002
0,0.029999999999999999,0.025000000000000001,0.19500000000000001
0,0.0050000000000000001,0.014999999999999999,0.12
0,0,0,0.025000000000000001
0,0,0.0050000000000000001,0.044999999999999998
1,0.68500000000000005,0.60499999999999998,0.81499999999999995
0,0.02,0.0050000000000000001,0.13
0,0.0050000000000000001,0,0.059999999999999998
0,0,0.0050000000000000001,0.025000000000000001
0,0.044999999999999998,0.050000000000000003,0.22
0,0.02,0.0050000000000000001,0.10000000000000001
0,0.0050000000000000001,0.014999999999999999,0.13500000000000001
0,0.040000000000000001,0.014999999999999999,0.155
0,0.014999999999999999,0.025000000000000001,0.17999999999999999
0,0.0050000000000000001,0.0050000000000000001,0.185
0,0.38,0.29499999999999998,0.69499999999999995
0,0.080000000000000002,0.040000000000000001,0.32500000000000001
0,0.050000000000000003,0.029999999999999999,0.11
0,0.17999999999999999,0.125,0.53000000000000003
0,0.0050000000000000001,0.0050000000000000001,0.040000000000000001
0,0.0050000000000000001,0.0050000000000000001,0.13500000000000001
0,0.0050000000000000001,0,0.070000000000000007
0,0.40000000000000002,0.36499999999999999,0.70499999999999996
0,0.025000000000000001,0.01,0.115
0,0.029999999999999999,0.0050000000000000001,0.23999999999999999
0,0,0,0.014999999999999999
0,0,0.02,0.14999999999999999
0,0,0,0.014999999999999999
0,0.059999999999999998,0.085000000000000006,0.32500000000000001
0,0.074999999999999997,0.10000000000000001,0.39500000000000002
0,0,0.0050000000000000001,0.065000000000000002
0,0.0050000000000000001,0.01,0.059999999999999998
0,0,0,0.040000000000000001
0,0.0050000000000000001,0,0.059999999999999998
0,0.01,0,0.185
0,0.0050000000000000001,0.0050000000000000001,0.070000000000000007
0,0.0050000000000000001,0.0050000000000000001,0.10000000000000001
0,0.025000000000000001,0.040000000000000001,0.25
0,0.055,0.27500000000000002,0.505
0,0.025000000000000001,0,0.17999999999999999
0,0.02,0.055,0.14499999999999999
0,0.01,0.02,0.080000000000000002
0,0.0050000000000000001,0.01,0.065000000000000002
0,0,0.0050000000000000001,0.14499999999999999
0,0,0,0.029999999999999999
0,0.01,0.0050000000000000001,0.065000000000000002
1,0.11,0.065000000000000002,0.46999999999999997
0,0.25,0.10000000000000001,0.48499999999999999
0,0.014999999999999999,0.029999999999999999,0.105
0,0,0,0.059999999999999998
0,0,0,0.085000000000000006
0,0.029999999999999999,0.01,0.25
0,0,0,0.12
0,0.11,0.050000000000000003,0.23999999999999999
0,0,0,0.02
0,0,0,0.02
0,0.035000000000000003,0.050000000000000003,0.20499999999999999
0,0.0050000000000000001,0,0.065000000000000002
0,0.029999999999999999,0.025000000000000001,0.16
0,0.0050000000000000001,0,0.025000000000000001
0,0,0,0.044999999999999998
0,0,0,0.065000000000000002
0,0.059999999999999998,0.080000000000000002,0.19
0,0.0050000000000000001,0,0.059999999999999998
0,0.025000000000000001,0.055,0.22500000000000001
0,0,0,0.040000000000000001
0,0,0.0050000000000000001,0.055
0,0,0,0.044999999999999998
0,0.0050000000000000001,0.0050000000000000001,0.070000000000000007
0,0.0050000000000000001,0.01,0.085000000000000006
0,0.01,0.0050000000000000001,0.115
0,0.095000000000000001,0.074999999999999997,0.375
0,0,0.0050000000000000001,0.035000000000000003
0,0,0.01,0.055
0,0.01,0,0.070000000000000007
0,0.0050000000000000001,0,0.085000000000000006
0,0.014999999999999999,0.0050000000000000001,0.089999999999999997
0,0.01,0.0050000000000000001,0.055
0,0.065000000000000002,0.059999999999999998,0.20000000000000001
0,0.014999999999999999,0.0050000000000000001,0.059999999999999998
0,0.025000000000000001,0.02,0.14499999999999999
0,0.029999999999999999,0,0.16500000000000001
0,0,0.0050000000000000001,0.059999999999999998
0,0,0,0.044999999999999998
0,0.0050000000000000001,0,0.029999999999999999
0,0.029999999999999999,0.059999999999999998,0.17000000000000001
0,0,0.0050000000000000001,0.155
0,0.0050000000000000001,0.01,0.070000000000000007
0,0.025000000000000001,0.014999999999999999,0.14000000000000001
0,0.014999999999999999,0.014999999999999999,0.155
0,0.02,0.040000000000000001,0.28999999999999998
0,0,0,0.065000000000000002
0,0.029999999999999999,0,0.28000000000000003
0,0.16500000000000001,0.014999999999999999,0.41999999999999998
0,0.014999999999999999,0.01,0.095000000000000001
1,0.125,0.065000000000000002,0.41499999999999998
0,0.0050000000000000001,0,0.055
0,0.20000000000000001,0.029999999999999999,0.46000000000000002
0,0.014999999999999999,0.0050000000000000001,0.080000000000000002
0,0.014999999999999999,0.014999999999999999,0.34000000000000002
0,0.025000000000000001,0.029999999999999999,0.23000000000000001
0,0.01,0,0.050000000000000003
0,0.035000000000000003,0.029999999999999999,0.20999999999999999
0,0.040000000000000001,0.0050000000000000001,0.17000000000000001
0,0.070000000000000007,0.050000000000000003,0.35499999999999998
0,0.13500000000000001,0.105,0.47999999999999998
0,0.044999999999999998,0.025000000000000001,0.34999999999999998
0,0.02,0.0050000000000000001,0.13500000000000001
0,0,0,0.025000000000000001
0,0.13500000000000001,0.044999999999999998,0.38
0,0.035000000000000003,0.0050000000000000001,0.16500000000000001
0,0,0.0050000000000000001,0.080000000000000002
0,0,0,0.025000000000000001
0,0.014999999999999999,0.035000000000000003,0.14000000000000001
0,0,0.02,0.14999999999999999
0,0.040000000000000001,0.065000000000000002,0.435
0,0.035000000000000003,0.0050000000000000001,0.185
0,0.01,0.0050000000000000001,0.055
0,0.01,0.025000000000000001,0.105
0,0.02,0.01,0.14499999999999999
0,0.02,0.02,0.080000000000000002
0,0,0,0.01
0,0,0,0.014999999999999999
0,0,0,0.035000000000000003
0,0.014999999999999999,0.01,0.095000000000000001
0,0,0,0.065000000000000002
0,0,0,0.095000000000000001
0,0.01,0.040000000000000001,0.34499999999999997
0,0.0050000000000000001,0.014999999999999999,0.16
0,0.014999999999999999,0.040000000000000001,0.14499999999999999
0,0.035000000000000003,0.029999999999999999,0.185
0,0,0,0.040000000000000001
0,0.01,0,0.055
0,0.044999999999999998,0.035000000000000003,0.17999999999999999
0,0.0050000000000000001,0.01,0.085000000000000006
0,0.0050000000000000001,0,0.059999999999999998
0,0.014999999999999999,0.0050000000000000001,0.125
0,0,0.0050000000000000001,0.070000000000000007
0,0.014999999999999999,0.01,0.17000000000000001
1,0.12,0.16,0.55500000000000005
0,0.014999999999999999,0.0050000000000000001,0.105
1,0.050000000000000003,0.040000000000000001,0.27000000000000002
0,0.014999999999999999,0.01,0.115
0,0.02,0.040000000000000001,0.27500000000000002
0,0,0.0050000000000000001,0.044999999999999998
0,0,0,0.074999999999999997
0,0,0,0.12
0,0.014999999999999999,0.01,0.22500000000000001
0,0,0,0.035000000000000003
0,0.055,0.01,0.20999999999999999
0,0.014999999999999999,0.0050000000000000001,0.074999999999999997
0,0.070000000000000007,0.029999999999999999,0.105
0,0.035000000000000003,0.040000000000000001,0.33000000000000002
0,0.12,0.025000000000000001,0.36499999999999999
0,0.01,0,0.040000000000000001
0,0.014999999999999999,0.025000000000000001,0.10000000000000001
0,0.14000000000000001,0.050000000000000003,0.41499999999999998
0,0.025000000000000001,0.044999999999999998,0.19500000000000001
0,0.0050000000000000001,0.01,0.074999999999999997
0,0.014999999999999999,0.029999999999999999,0.25
0,0.029999999999999999,0.0050000000000000001,0.14499999999999999
0,0,0.0050000000000000001,0.055
0,0.025000000000000001,0.025000000000000001,0.245
0,0.41999999999999998,0.115,0.53500000000000003
0,0.14499999999999999,0.13,0.44500000000000001
0,0.029999999999999999,0.0050000000000000001,0.10000000000000001
0,0.0050000000000000001,0,0.035000000000000003
0,0,0,0.02
0,0,0.0050000000000000001,0.11
0,0.014999999999999999,0.01,0.20000000000000001
0,0.0050000000000000001,0.025000000000000001,0.215
0,0.11,0.029999999999999999,0.37
0,0,0,0.074999999999999997
0,0.014999999999999999,0,0.055
0,0.12,0.085000000000000006,0.32000000000000001
0,0.0050000000000000001,0,0.059999999999999998
0,0.050000000000000003,0.014999999999999999,0.155
0,0,0,0.0050000000000000001
0,0.044999999999999998,0.029999999999999999,0.315
0,0.02,0.0050000000000000001,0.16500000000000001
0,0.055,0.040000000000000001,0.28999999999999998
0,0.025000000000000001,0.035000000000000003,0.13500000000000001
0,0,0.014999999999999999,0.074999999999999997
0,0.0050000000000000001,0.0050000000000000001,0.085000000000000006
0,0,0,0.115
0,0,0,0.059999999999999998
0,0.040000000000000001,0.02,0.34000000000000002
1,0.72999999999999998,0.58999999999999997,0.83499999999999996
0,0.0050000000000000001,0,0.025000000000000001
0,0.01,0,0.055
0,0.0050000000000000001,0,0.080000000000000002
0,0,0,0.029999999999999999
0,0,0,0.02
0,0.029999999999999999,0.0050000000000000001,0.32500000000000001
0,0,0.01,0.089999999999999997
0,0,0.0050000000000000001,0.089999999999999997
0,0,0,0.02
0,0.014999999999999999,0.0050000000000000001,0.115
0,0.050000000000000003,0.0050000000000000001,0.20000000000000001
0,0.02,0.029999999999999999,0.28000000000000003
0,0.01,0.0050000000000000001,0.14499999999999999
0,0.044999999999999998,0.029999999999999999,0.27000000000000002
0,0.01,0.0050000000000000001,0.02
0,0,0,0.044999999999999998
0,0,0,0.125
0,0,0,0.0050000000000000001
0,0.0050000000000000001,0,0.070000000000000007
0,0,0,0.11
0,0.065000000000000002,0.040000000000000001,0.315
0,0.02,0.065000000000000002,0.38
0,0.014999999999999999,0.014999999999999999,0.065000000000000002
0,0.014999999999999999,0,0.089999999999999997
0,0.02,0.01,0.095000000000000001
0,0,0,0.029999999999999999
0,0,0,0.065000000000000002
0,0.57999999999999996,0.33500000000000002,0.68999999999999995
0,0,0.014999999999999999,0.080000000000000002
0,0,0.0050000000000000001,0.029999999999999999
0,0.035000000000000003,0.01,0.17999999999999999
0,0.01,0.014999999999999999,0.105
0,0,0,0.044999999999999998
0,0.0050000000000000001,0.0050000000000000001,0.065000000000000002
0,0.059999999999999998,0.044999999999999998,0.23000000000000001
0,0,0,0.070000000000000007
0,0.13500000000000001,0.055,0.35499999999999998
0,0.02,0.0050000000000000001,0.17499999999999999
0,0.014999999999999999,0.02,0.28000000000000003
0,0,0,0.074999999999999997
0,0.080000000000000002,0.080000000000000002,0.30499999999999999
0,0.0050000000000000001,0.01,0.115
0,0.0050000000000000001,0.02,0.23499999999999999
0,0,0,0.029999999999999999
0,0.040000000000000001,0.085000000000000006,0.31
0,0.025000000000000001,0.040000000000000001,0.245
0,0,0.0050000000000000001,0.065000000000000002
0,0.044999999999999998,0.014999999999999999,0.19500000000000001
0,0.029999999999999999,0.01,0.14000000000000001
0,0,0,0.074999999999999997
0,0.02,0.044999999999999998,0.17499999999999999
0,0.040000000000000001,0.01,0.17999999999999999
0,0.01,0.025000000000000001,0.12
0,0.0050000000000000001,0,0.044999999999999998
0,0,0.01,0.070000000000000007
0,0.02,0.02,0.12
0,0.029999999999999999,0.074999999999999997,0.13500000000000001
0,0.035000000000000003,0.0050000000000000001,0.125
0,0.01,0.02,0.16
0,0,0,0.070000000000000007
0,0.01,0.0050000000000000001,0.055
0,0.01,0.014999999999999999,0.11
0,0,0.02,0.115
0,0.050000000000000003,0.01,0.19
0,0.040000000000000001,0.01,0.16500000000000001
0,0.014999999999999999,0.025000000000000001,0.28000000000000003
0,0.255,0.17499999999999999,0.53000000000000003
0,0,0,0.035000000000000003
0,0,0,0.02
0,0.014999999999999999,0.035000000000000003,0.20000000000000001
0,0.050000000000000003,0.035000000000000003,0.33000000000000002
0,0,0,0.080000000000000002
0,0.01,0,0.074999999999999997
0,0,0.0050000000000000001,0.10000000000000001
0,0.01,0.01,0.25
0,0.029999999999999999,0.050000000000000003,0.245
0,0.059999999999999998,0.01,0.37
0,0.01,0.035000000000000003,0.26500000000000001
0,0.085000000000000006,0.025000000000000001,0.215
1,0.055,0.23000000000000001,0.40000000000000002
0,0.059999999999999998,0.025000000000000001,0.255
0,0.13,0.155,0.58999999999999997
0,0,0,0.105
0,0.02,0.0050000000000000001,0.22500000000000001
0,0.26500000000000001,0.059999999999999998,0.45000000000000001
0,0.089999999999999997,0.029999999999999999,0.29499999999999998
0,0,0.01,0.044999999999999998
0,0.02,0.02,0.19500000000000001
0,0.02,0,0.17999999999999999
0,0.029999999999999999,0.02,0.16500000000000001
0,0,0,0.0050000000000000001
0,0.23499999999999999,0.14000000000000001,0.48999999999999999
0,0.070000000000000007,0.025000000000000001,0.30499999999999999
0,0.0050000000000000001,0,0.14000000000000001
0,0,0,0.035000000000000003
1,0.85499999999999998,0.82999999999999996,0.93999999999999995
0,0.0050000000000000001,0.01,0.080000000000000002
0,0.029999999999999999,0.01,0.14499999999999999
0,0,0,0.055
0,0.0050000000000000001,0.02,0.070000000000000007
0,0.01,0.0050000000000000001,0.080000000000000002
0,0.0050000000000000001,0.014999999999999999,0.089999999999999997
0,0,0.01,0.14499999999999999
0,0,0,0.029999999999999999
0,0.025000000000000001,0.035000000000000003,0.23000000000000001
0,0.050000000000000003,0.065000000000000002,0.58999999999999997
0,0.035000000000000003,0.035000000000000003,0.25
0,0.0050000000000000001,0.0050000000000000001,0.059999999999999998
0,0.01,0.040000000000000001,0.28999999999999998
0,0.185,0.14000000000000001,0.56999999999999995
0,0.02,0.14499999999999999,0.30499999999999999
0,0,0.0050000000000000001,0.014999999999999999
1,0,0.01,0.0050000000000000001
0,0.044999999999999998,0.044999999999999998,0.22500000000000001
0,0,0.01,0.115
0,0.02,0.055,0.31
1,0.01,0,0.085000000000000006
0,0.014999999999999999,0.029999999999999999,0.17000000000000001
0,0,0.0050000000000000001,0.044999999999999998
0,0.065000000000000002,0.014999999999999999,0.14499999999999999
0,0.20000000000000001,0.01,0.40999999999999998
0,0.0050000000000000001,0.01,0.070000000000000007
0,0.080000000000000002,0.14999999999999999,0.40500000000000003
0,0.0050000000000000001,0,0.065000000000000002
0,0,0,0.0050000000000000001
0,0.0050000000000000001,0,0.044999999999999998
0,0.01,0,0.12
0,0.02,0.0050000000000000001,0.23499999999999999
0,0.095000000000000001,0.13500000000000001,0.54500000000000004
0,0.040000000000000001,0.029999999999999999,0.30499999999999999
0,0.025000000000000001,0.014999999999999999,0.16
0,0,0,0.085000000000000006
0,0.02,0.065000000000000002,0.14499999999999999
0,0.025000000000000001,0.0050000000000000001,0.12
0,0.0050000000000000001,0.01,0.065000000000000002
0,0.025000000000000001,0,0.035000000000000003
0,0.01,0.0050000000000000001,0.17999999999999999
0,0.0050000000000000001,0.0050000000000000001,0.065000000000000002
0,0.029999999999999999,0.014999999999999999,0.28000000000000003
0,0,0,0.070000000000000007
0,0,0,0.02
0,0,0,0.074999999999999997
0,0.050000000000000003,0.02,0.25
0,0.074999999999999997,0.095000000000000001,0.52000000000000002
0,0.01,0,0.16500000000000001
0,0,0,0.065000000000000002
0,0.0050000000000000001,0.0050000000000000001,0.089999999999999997
0,0.0050000000000000001,0.0050000000000000001,0.025000000000000001
0,0,0,0.01
0,0.0050000000000000001,0.014999999999999999,0.044999999999999998
0,0.014999999999999999,0.055,0.14999999999999999
0,0.025000000000000001,0.025000000000000001,0.095000000000000001
0,0.01,0.02,0.085000000000000006
0,0.0050000000000000001,0.014999999999999999,0.14000000000000001
0,0.014999999999999999,0.070000000000000007,0.22500000000000001
0,0.070000000000000007,0.02,0.29499999999999998
0,0,0.0050000000000000001,0.025000000000000001
0,0.0050000000000000001,0,0.11
0,0.10000000000000001,0.040000000000000001,0.51000000000000001
0,0.17499999999999999,0.089999999999999997,0.55000000000000004
0,0.02,0.014999999999999999,0.17999999999999999
0,0.044999999999999998,0.01,0.255
0,0.050000000000000003,0.080000000000000002,0.36499999999999999
0,0.0050000000000000001,0.0050000000000000001,0.14000000000000001
0,0.029999999999999999,0.025000000000000001,0.155
0,0,0,0.065000000000000002
0,0.014999999999999999,0.014999999999999999,0.070000000000000007
0,0.01,0.01,0.095000000000000001
0,0,0,0.055
0,0.0050000000000000001,0.0050000000000000001,0.14499999999999999
0,0,0,0.029999999999999999
0,0.01,0.02,0.17999999999999999
0,0,0,0.040000000000000001
0,0,0,0.11
0,0.105,0.029999999999999999,0.34999999999999998
0,0,0.014999999999999999,0.070000000000000007
0,0,0,0.055
0,0.01,0,0.105
0,0.0050000000000000001,0.0050000000000000001,0.070000000000000007
1,0.32500000000000001,0.26000000000000001,0.57999999999999996
0,0.0050000000000000001,0,0.035000000000000003
0,0,0,0.035000000000000003
0,0,0.0050000000000000001,0.029999999999999999
0,0.0050000000000000001,0.014999999999999999,0.245
0,0.014999999999999999,0.014999999999999999,0.17000000000000001
0,0,0.0050000000000000001,0.089999999999999997
0,0.050000000000000003,0.070000000000000007,0.28000000000000003
0,0,0,0.025000000000000001
0,0,0,0.14999999999999999
0,0.01,0.0050000000000000001,0.080000000000000002
0,0.0050000000000000001,0.01,0.14000000000000001
0,0.0050000000000000001,0,0.074999999999999997
0,0.01,0.0050000000000000001,0.085000000000000006
0,0,0.02,0.20999999999999999
0,0.0050000000000000001,0.014999999999999999,0.10000000000000001
0,0,0,0.059999999999999998
0,0.01,0,0.14499999999999999
0,0.055,0.044999999999999998,0.28999999999999998
0,0.0050000000000000001,0.0050000000000000001,0.035000000000000003
0,0.02,0.01,0.14499999999999999
0,0.044999999999999998,0.029999999999999999,0.40000000000000002
0,0.025000000000000001,0.014999999999999999,0.16500000000000001
0,0.050000000000000003,0.14999999999999999,0.39500000000000002
0,0.01,0.050000000000000003,0.059999999999999998
0,0.029999999999999999,0.014999999999999999,0.34499999999999997
0,0.025000000000000001,0,0.22
0,0.0050000000000000001,0,0.035000000000000003
0,0,0.01,0.065000000000000002
0,0,0.01,0.089999999999999997
0,0.044999999999999998,0.029999999999999999,0.39000000000000001
0,0,0,0.050000000000000003
0,0.0050000000000000001,0.01,0.074999999999999997
0,0.0050000000000000001,0.01,0.105
0,0.0050000000000000001,0.0050000000000000001,0.105
0,0,0,0.040000000000000001
0,0.0050000000000000001,0.0050000000000000001,0.059999999999999998
0,0,0.029999999999999999,0.14499999999999999
0,0.25,0.30499999999999999,0.66500000000000004
0,0.014999999999999999,0.01,0.085000000000000006
0,0.0050000000000000001,0.014999999999999999,0.215
0,0,0,0.0050000000000000001
0,0.070000000000000007,0.074999999999999997,0.34999999999999998
0,0.014999999999999999,0.040000000000000001,0.23999999999999999
0,0,0,0.040000000000000001
0,0.014999999999999999,0.0050000000000000001,0.215
0,0.0050000000000000001,0,0.050000000000000003
0,0.0050000000000000001,0,0.059999999999999998
0,0.025000000000000001,0.025000000000000001,0.315
0,0.025000000000000001,0.029999999999999999,0.255
0,0.0050000000000000001,0,0.065000000000000002
0,0.245,0.070000000000000007,0.54000000000000004
0,0.0050000000000000001,0,0.050000000000000003
0,0.0050000000000000001,0.044999999999999998,0.14999999999999999
0,0,0,0.055
0,0.0050000000000000001,0.014999999999999999,0.13500000000000001
0,0,0,0.044999999999999998
0,0.02,0.01,0.12
0,0,0,0.080000000000000002
0,0,0.0050000000000000001,0.014999999999999999
1,0.73499999999999999,0.63500000000000001,0.89500000000000002
0,0.014999999999999999,0.01,0.14000000000000001
0,0.014999999999999999,0.01,0.080000000000000002
0,0,0.02,0.11
0,0,0,0.025000000000000001
0,0.0050000000000000001,0.02,0.085000000000000006
0,0,0,0.029999999999999999
0,0,0.0050000000000000001,0.040000000000000001
0,0.0050000000000000001,0,0.044999999999999998
0,0.0050000000000000001,0.0050000000000000001,0.095000000000000001
0,0,0.02,0.17999999999999999
0,0.0050000000000000001,0,0.065000000000000002
0,0.0050000000000000001,0,0.089999999999999997
0,0.025000000000000001,0.02,0.17499999999999999
0,0,0.0050000000000000001,0.055
0,0.185,0.13,0.39500000000000002
0,0.0050000000000000001,0.01,0.16
0,0.01,0.0050000000000000001,0.13
0,0.0050000000000000001,0.0050000000000000001,0.11
0,0.070000000000000007,0.035000000000000003,0.23999999999999999
0,0.01,0,0.16
0,0.025000000000000001,0.02,0.17499999999999999
0,0.01,0.0050000000000000001,0.085000000000000006
0,0.0050000000000000001,0.074999999999999997,0.17499999999999999
0,0.29499999999999998,0.12,0.65000000000000002
0,0.035000000000000003,0.029999999999999999,0.20000000000000001
0,0.014999999999999999,0.01,0.115
0,0.0050000000000000001,0,0.14999999999999999
0,0,0.0050000000000000001,0.055
0,0.050000000000000003,0.025000000000000001,0.32000000000000001
0,0,0,0.115
0,0.014999999999999999,0,0.13500000000000001
0,0.035000000000000003,0.01,0.255
0,0.050000000000000003,0.0050000000000000001,0.12
0,0,0,0.070000000000000007
0,0.105,0.115,0.40500000000000003
0,0,0.014999999999999999,0.125
0,0.0050000000000000001,0,0.074999999999999997
1,0.51500000000000001,0.57999999999999996,0.79000000000000004
0,0.01,0,0.17000000000000001
0,0.089999999999999997,0.044999999999999998,0.30499999999999999
0,0.02,0.044999999999999998,0.245
0,0.0050000000000000001,0.0050000000000000001,0.050000000000000003
0,0.0050000000000000001,0,0.070000000000000007
0,0,0,0.055
0,0,0.0050000000000000001,0.040000000000000001
0,0.029999999999999999,0.050000000000000003,0.22
1,0.76500000000000001,0.56000000000000005,0.83999999999999997
0,0.01,0.01,0.13500000000000001
0,0.01,0,0.074999999999999997
0,0.014999999999999999,0.044999999999999998,0.19500000000000001
0,0,0,0.095000000000000001
0,0,0.0050000000000000001,0.089999999999999997
0,0.0050000000000000001,0.01,0.115
0,0.01,0,0.115
0,0,0,0.059999999999999998
0,0.0050000000000000001,0.0050000000000000001,0.025000000000000001
0,0.044999999999999998,0.02,0.14000000000000001
0,0.02,0.02,0.22
0,0.02,0.0050000000000000001,0.32500000000000001
0,0,0,0.014999999999999999
0,0,0.014999999999999999,0.040000000000000001
0,0,0,0.095000000000000001
0,0.14499999999999999,0.085000000000000006,0.45500000000000002
0,0.029999999999999999,0.014999999999999999,0.29999999999999999
0,0.029999999999999999,0.02,0.17000000000000001
0,0.055,0.01,0.16500000000000001
0,0.0050000000000000001,0.0050000000000000001,0.080000000000000002
0,0.0050000000000000001,0.025000000000000001,0.115
0,0.01,0.0050000000000000001,0.115
0,0,0,0.025000000000000001
0,0.13500000000000001,0.089999999999999997,0.46500000000000002
0,0.01,0,0.16500000000000001
0,0.014999999999999999,0.014999999999999999,0.185
0,0,0.01,0.089999999999999997
0,0.0050000000000000001,0.01,0.029999999999999999
0,0,0,0.115
0,0.02,0.01,0.080000000000000002
0,0.0050000000000000001,0.0050000000000000001,0.14999999999999999
0,0,0.02,0.155
0,0,0,0.025000000000000001
0,0.0050000000000000001,0,0.055
0,0,0,0.14999999999999999
0,0.035000000000000003,0.0050000000000000001,0.23000000000000001
1,0.42499999999999999,0.17499999999999999,0.58999999999999997
0,0.0050000000000000001,0.01,0.13500000000000001
0,0.01,0.070000000000000007,0.19
0,0,0.02,0.10000000000000001
0,0.02,0.025000000000000001,0.17000000000000001
0,0.025000000000000001,0.01,0.14999999999999999
0,0.01,0.01,0.10000000000000001
0,0.01,0.01,0.12
0,0.014999999999999999,0,0.014999999999999999
0,0,0,0.02
0,0.040000000000000001,0.02,0.17999999999999999
0,0,0.0050000000000000001,0.11
0,0.014999999999999999,0.014999999999999999,0.085000000000000006
0,0,0,0.040000000000000001
1,0.095000000000000001,0.12,0.5
0,0.125,0.035000000000000003,0.45500000000000002
0,0.035000000000000003,0.035000000000000003,0.16500000000000001
0,0.025000000000000001,0.035000000000000003,0.23499999999999999
0,0.13500000000000001,0.095000000000000001,0.33000000000000002
0,0.070000000000000007,0.02,0.28000000000000003
0,0,0.01,0.105
0,0,0.0050000000000000001,0.080000000000000002
0,0.01,0,0.070000000000000007
1,0.17499999999999999,0.14499999999999999,0.55000000000000004
0,0.040000000000000001,0.040000000000000001,0.19500000000000001
0,0.14999999999999999,0.255,0.52000000000000002
0,0.01,0.0050000000000000001,0.085000000000000006
0,0.025000000000000001,0,0.17999999999999999
0,0.025000000000000001,0.0050000000000000001,0.070000000000000007
0,0.035000000000000003,0.029999999999999999,0.27000000000000002
0,0.025000000000000001,0.014999999999999999,0.13
0,0.13500000000000001,0.059999999999999998,0.53000000000000003
0,0.01,0.115,0.32500000000000001
1,0.080000000000000002,0.01,0.26000000000000001
0,0.0050000000000000001,0,0.089999999999999997
0,0,0,0.01
0,0.0050000000000000001,0.025000000000000001,0.255
0,0,0,0.014999999999999999
0,0.0050000000000000001,0.0050000000000000001,0.01
0,0,0.014999999999999999,0.16
0,0,0.014999999999999999,0.23000000000000001
0,0,0,0.105
0,0.014999999999999999,0,0.070000000000000007
0,0.0050000000000000001,0,0.040000000000000001
0,0.014999999999999999,0.0050000000000000001,0.055
0,0,0.0050000000000000001,0.17000000000000001
0,0.040000000000000001,0.02,0.26000000000000001
0,0.0050000000000000001,0.01,0.115
0,0.01,0,0.035000000000000003
0,0.040000000000000001,0.02,0.12
0,0.27500000000000002,0.070000000000000007,0.57999999999999996
0,0.025000000000000001,0.0050000000000000001,0.115
0,0.02,0.055,0.32000000000000001
0,0.0050000000000000001,0.0050000000000000001,0.085000000000000006
0,0.0050000000000000001,0.014999999999999999,0.10000000000000001
0,0.029999999999999999,0.0050000000000000001,0.19
0,0.014999999999999999,0.01,0.28499999999999998
0,0.0050000000000000001,0.01,0.155
0,0.014999999999999999,0.0050000000000000001,0.20000000000000001
0,0,0.01,0.074999999999999997
0,0.0050000000000000001,0.01,0.115
0,0.0050000000000000001,0.014999999999999999,0.14499999999999999
0,0,0.0050000000000000001,0.089999999999999997
0,0,0.0050000000000000001,0.074999999999999997
0,0.014999999999999999,0.0050000000000000001,0.13
0,0.014999999999999999,0,0.065000000000000002
0,0.014999999999999999,0.01,0.080000000000000002
0,0.080000000000000002,0.044999999999999998,0.26500000000000001
0,0.0050000000000000001,0.0050000000000000001,0.095000000000000001
0,0,0,0.115
0,0.014999999999999999,0.029999999999999999,0.14000000000000001
0,0.029999999999999999,0.014999999999999999,0.13500000000000001
0,0.01,0.025000000000000001,0.10000000000000001
0,0.0050000000000000001,0.014999999999999999,0.13500000000000001
0,0.059999999999999998,0,0.19500000000000001
0,0.035000000000000003,0.029999999999999999,0.215
0,0.0050000000000000001,0.014999999999999999,0.080000000000000002
0,0.02,0.035000000000000003,0.28499999999999998
0,0.0050000000000000001,0,0.12
0,0,0.0050000000000000001,0.14000000000000001
0,0.02,0.085000000000000006,0.20000000000000001
0,0,0,0.01
0,0,0,0.14999999999999999
0,0.029999999999999999,0.0050000000000000001,0.074999999999999997
1,0.71499999999999997,0.72999999999999998,0.90500000000000003
0,0.02,0.01,0.20999999999999999
0,0.02,0.01,0.12
0,0.065000000000000002,0.025000000000000001,0.26000000000000001
0,0.01,0.01,0.20499999999999999
0,0.01,0.0050000000000000001,0.125
0,0,0,0.029999999999999999
0,0.0050000000000000001,0,0.02
0,0.040000000000000001,0.0050000000000000001,0.13
0,0.0050000000000000001,0.0050000000000000001,0.029999999999999999
0,0.0050000000000000001,0.014999999999999999,0.13500000000000001
0,0,0,0.050000000000000003
0,0.0050000000000000001,0,0.055
0,0.044999999999999998,0.025000000000000001,0.215
0,0.01,0.01,0.105
0,0.01,0.01,0.155
0,0,0,0.080000000000000002
0,0.0050000000000000001,0.0050000000000000001,0.089999999999999997
0,0.02,0.029999999999999999,0.29999999999999999
0,0.0050000000000000001,0.0050000000000000001,0.17999999999999999
0,0,0,0.029999999999999999
0,0.085000000000000006,0.17499999999999999,0.35499999999999998
0,0.014999999999999999,0,0.105
0,0.0050000000000000001,0.02,0.10000000000000001
0,0.0050000000000000001,0,0.10000000000000001
0,0,0.0050000000000000001,0.025000000000000001
0,0.029999999999999999,0.014999999999999999,0.17999999999999999
0,0,0,0.044999999999999998
0,0.014999999999999999,0.0050000000000000001,0.125
0,0.0050000000000000001,0.0050000000000000001,0.070000000000000007
0,0.0050000000000000001,0,0.16
1,0.63,0.77000000000000002,0.95499999999999996
0,0.070000000000000007,0.02,0.26000000000000001
0,0,0.0050000000000000001,0.059999999999999998
0,0,0,0.050000000000000003
0,0.0050000000000000001,0.01,0.014999999999999999
0,0.040000000000000001,0.080000000000000002,0.28000000000000003
0,0.0050000000000000001,0,0.125
0,0,0,0.014999999999999999
0,0.105,0.11,0.54500000000000004
0,0.014999999999999999,0.01,0.255
0,0.01,0.0050000000000000001,0.125
0,0.025000000000000001,0.025000000000000001,0.29999999999999999
0,0.01,0,0.029999999999999999
0,0,0,0.055
0,0.074999999999999997,0.095000000000000001,0.38500000000000001
0,0.025000000000000001,0.095000000000000001,0.34000000000000002
0,0.01,0,0.11
0,0.01,0.014999999999999999,0.10000000000000001
0,0,0.025000000000000001,0.23000000000000001
0,0,0.0050000000000000001,0.02
0,0.01,0.025000000000000001,0.19500000000000001
0,0.029999999999999999,0.025000000000000001,0.23000000000000001
0,0.02,0.055,0.255
0,0.014999999999999999,0.02,0.13
0,0.014999999999999999,0.029999999999999999,0.185
0,0.02,0.080000000000000002,0.13
0,0.035000000000000003,0.014999999999999999,0.155
0,0.050000000000000003,0.050000000000000003,0.28999999999999998
0,0,0,0.044999999999999998
0,0,0.0050000000000000001,0.10000000000000001
0,0.050000000000000003,0.025000000000000001,0.33000000000000002
0,0.040000000000000001,0.044999999999999998,0.215
0,0,0.0050000000000000001,0.070000000000000007
0,0.0050000000000000001,0,0.044999999999999998
0,0,0.014999999999999999,0.065000000000000002
0,0.0050000000000000001,0.01,0.14499999999999999
0,0.014999999999999999,0.014999999999999999,0.085000000000000006
0,0.0050000000000000001,0,0.059999999999999998
0,0.0050000000000000001,0,0.14999999999999999
0,0.0050000000000000001,0.01,0.14999999999999999
0,0.0050000000000000001,0,0.050000000000000003
0,0.055,0.014999999999999999,0.29499999999999998
0,0,0,0.025000000000000001
0,0,0,0.044999999999999998
0,0.0050000000000000001,0.0050000000000000001,0.080000000000000002
0,0,0,0.074999999999999997
0,0,0.02,0.12
1,0.59999999999999998,0.56499999999999995,0.81000000000000005
0,0.0050000000000000001,0,0.070000000000000007
0,0.01,0.029999999999999999,0.20999999999999999
0,0.014999999999999999,0.01,0.085000000000000006
0,0,0,0.085000000000000006
0,0.014999999999999999,0,0.080000000000000002
0,0.014999999999999999,0.025000000000000001,0.14999999999999999
0,0.040000000000000001,0.040000000000000001,0.28000000000000003
0,0.0050000000000000001,0,0.02
0,0.035000000000000003,0.014999999999999999,0.22500000000000001
0,0.055,0.115,0.34999999999999998
0,0.115,0.0050000000000000001,0.23000000000000001
0,0.01,0.0050000000000000001,0.089999999999999997
0,0.025000000000000001,0.02,0.089999999999999997
0,0.01,0.0050000000000000001,0.095000000000000001
0,0,0.01,0.040000000000000001
0,0,0,0.14000000000000001
0,0.19500000000000001,0.10000000000000001,0.5
0,0.02,0.0050000000000000001,0.12
0,0.0050000000000000001,0,0.105
0,0.050000000000000003,0.050000000000000003,0.32500000000000001
0,0.02,0.02,0.28499999999999998
0,0.01,0.02,0.055
0,0.01,0.0050000000000000001,0.17000000000000001
0,0.025000000000000001,0.029999999999999999,0.25
0,0,0.01,0.035000000000000003
0,0.01,0.02,0.14000000000000001
0,0.0050000000000000001,0.014999999999999999,0.055
0,0.0050000000000000001,0.0050000000000000001,0.17999999999999999
0,0,0,0.080000000000000002
0,0.050000000000000003,0.014999999999999999,0.115
0,0.080000000000000002,0.025000000000000001,0.28499999999999998
0,0.025000000000000001,0.025000000000000001,0.22
0,0.029999999999999999,0.0050000000000000001,0.13500000000000001
0,0.029999999999999999,0.059999999999999998,0.28499999999999998
0,0,0.01,0.19500000000000001
0,0.0050000000000000001,0,0.025000000000000001
0,0.014999999999999999,0.0050000000000000001,0.040000000000000001
0,0.0050000000000000001,0,0.085000000000000006
0,0,0,0.070000000000000007
0,0.125,0.055,0.44500000000000001
0,0,0,0.050000000000000003
0,0,0.0050000000000000001,0.059999999999999998
0,0.040000000000000001,0.035000000000000003,0.20999999999999999
0,0.014999999999999999,0.02,0.14000000000000001
0,0.0050000000000000001,0.01,0.17000000000000001
0,0,0.0050000000000000001,0.044999999999999998
0,0.044999999999999998,0.040000000000000001,0.32000000000000001
0,0.029999999999999999,0.01,0.20000000000000001
0,0,0.0050000000000000001,0.070000000000000007
0,0,0.0050000000000000001,0.070000000000000007
0,0.02,0.01,0.11
0,0.0050000000000000001,0.0050000000000000001,0.095000000000000001
0,0.050000000000000003,0.085000000000000006,0.315
0,0.0050000000000000001,0.0050000000000000001,0.105
0,0.0050000000000000001,0.0050000000000000001,0.14000000000000001
0,0.014999999999999999,0.014999999999999999,0.14499999999999999
0,0,0.01,0.059999999999999998
1,0.029999999999999999,0.014999999999999999,0.28999999999999998
0,0,0,0.044999999999999998
0,0.0050000000000000001,0,0.059999999999999998
0,0.0050000000000000001,0.0050000000000000001,0.089999999999999997
0,0.014999999999999999,0.01,0.20999999999999999
1,0.44500000000000001,0.40999999999999998,0.69999999999999996
1,0.14000000000000001,0.12,0.60499999999999998
0,0.01,0.0050000000000000001,0.12
0,0,0,0.065000000000000002
0,0.014999999999999999,0.01,0.050000000000000003
0,0,0,0.095000000000000001
0,0,0,0.029999999999999999
0,0.025000000000000001,0.070000000000000007,0.32000000000000001
0,0.014999999999999999,0.01,0.080000000000000002
0,0.044999999999999998,0.0050000000000000001,0.245
0,0.095000000000000001,0.035000000000000003,0.42999999999999999
0,0.01,0.014999999999999999,0.16500000000000001
0,0.095000000000000001,0.10000000000000001,0.40999999999999998
0,0.044999999999999998,0.025000000000000001,0.14000000000000001
0,0.040000000000000001,0.035000000000000003,0.30499999999999999
0,0,0.0050000000000000001,0.059999999999999998
0,0.01,0.014999999999999999,0.055
0,0.0050000000000000001,0.0050000000000000001,0.105
0,0,0,0.025000000000000001
0,0.025000000000000001,0.035000000000000003,0.20000000000000001
0,0,0.0050000000000000001,0.085000000000000006
0,0.025000000000000001,0.029999999999999999,0.16
0,0.0050000000000000001,0.0050000000000000001,0.059999999999999998
0,0.0050000000000000001,0,0.035000000000000003
1,0.01,0.0050000000000000001,0.115
0,0.035000000000000003,0.02,0.28000000000000003
0,0.02,0.0050000000000000001,0.33000000000000002
0,0.01,0,0.040000000000000001
0,0.01,0,0.115
0,0,0.01,0.074999999999999997
0,0.029999999999999999,0.185,0.40999999999999998
0,0,0,0.029999999999999999
0,0.044999999999999998,0.01,0.32000000000000001
0,0,0.0050000000000000001,0.065000000000000002
0,0,0,0.040000000000000001
0,0,0,0.074999999999999997
0,0,0,0.029999999999999999
0,0.085000000000000006,0.0050000000000000001,0.35999999999999999
0,0,0,0.14999999999999999
0,0.0050000000000000001,0.01,0.080000000000000002
0,0,0,0.105
0,0,0,0.065000000000000002
0,0,0,0.050000000000000003
0,0,0,0.16
0,0.0050000000000000001,0.02,0.065000000000000002
0,0.044999999999999998,0.014999999999999999,0.28999999999999998
0,0.0050000000000000001,0.01,0.089999999999999997
0,0.0050000000000000001,0.014999999999999999,0.035000000000000003
0,0.029999999999999999,0.0050000000000000001,0.27500000000000002
0,0,0.0050000000000000001,0.085000000000000006
0,0.0050000000000000001,0.0050000000000000001,0.040000000000000001
0,0.050000000000000003,0.0050000000000000001,0.13
0,0.040000000000000001,0.029999999999999999,0.185
0,0.0050000000000000001,0,0.059999999999999998
0,0,0,0.059999999999999998
0,0.044999999999999998,0.0050000000000000001,0.20499999999999999
0,0,0,0.044999999999999998
0,0.044999999999999998,0.044999999999999998,0.26500000000000001
0,0.040000000000000001,0.029999999999999999,0.19
0,0,0.0050000000000000001,0.014999999999999999
0,0.014999999999999999,0.0050000000000000001,0.22
0,0,0,0.025000000000000001
0,0,0.0050000000000000001,0.035000000000000003
0,0.01,0.01,0.17000000000000001
0,0.02,0.01,0.11
0,0.050000000000000003,0.080000000000000002,0.27500000000000002
0,0,0,0.070000000000000007
0,0.040000000000000001,0.095000000000000001,0.26000000000000001
0,0.01,0,0.089999999999999997
0,0.029999999999999999,0.035000000000000003,0.255
0,0.070000000000000007,0.089999999999999997,0.435
0,0,0,0.050000000000000003
0,0.035000000000000003,0.029999999999999999,0.34000000000000002
0,0.029999999999999999,0.0050000000000000001,0.074999999999999997
0,0.0050000000000000001,0.01,0.080000000000000002
0,0.0050000000000000001,0,0
0,0.025000000000000001,0.0050000000000000001,0.095000000000000001
0,0.0050000000000000001,0.01,0.050000000000000003
0,0.059999999999999998,0.029999999999999999,0.39500000000000002
0,0.0050000000000000001,0.01,0.089999999999999997
0,0.025000000000000001,0.044999999999999998,0.32000000000000001
0,0,0.0050000000000000001,0.074999999999999997
0,0.0050000000000000001,0.0050000000000000001,0.044999999999999998
0,0.014999999999999999,0.0050000000000000001,0.055
0,0,0.02,0.16500000000000001
0,0.040000000000000001,0.02,0.35499999999999998
0,0.0050000000000000001,0.01,0.074999999999999997
0,0.0050000000000000001,0.0050000000000000001,0.065000000000000002
0,0,0,0.029999999999999999
0,0,0,0.050000000000000003
0,0.040000000000000001,0.01,0.215
0,0.01,0,0.065000000000000002
0,0,0,0.10000000000000001
0,0.025000000000000001,0.044999999999999998,0.25
0,0.01,0.025000000000000001,0.23499999999999999
0,0.02,0.035000000000000003,0.13500000000000001
0,0.01,0.0050000000000000001,0.105
0,0.070000000000000007,0.044999999999999998,0.46000000000000002
0,0,0.01,0.040000000000000001
0,0.014999999999999999,0.0050000000000000001,0.115
0,0.02,0.02,0.105
0,0.055,0.0050000000000000001,0.13
0,0.0050000000000000001,0.0050000000000000001,0.065000000000000002
1,0.16,0.12,0.38500000000000001
0,0.0050000000000000001,0,0.085000000000000006
0,0,0.01,0.185
0,0.01,0,0.085000000000000006
0,0,0,0.10000000000000001
0,0,0.014999999999999999,0.125
0,0.014999999999999999,0.02,0.23999999999999999
0,0.014999999999999999,0.0050000000000000001,0.14499999999999999
0,0.01,0.029999999999999999,0.155
0,0,0.0050000000000000001,0.080000000000000002
0,0.01,0.0050000000000000001,0.044999999999999998
0,0,0,0.014999999999999999
0,0.0050000000000000001,0.0050000000000000001,0.070000000000000007
0,0.044999999999999998,0.014999999999999999,0.11
0,0.014999999999999999,0.025000000000000001,0.25
0,0.025000000000000001,0.0050000000000000001,0.27500000000000002
0,0.025000000000000001,0.040000000000000001,0.20499999999999999
0,0,0,0.02
0,0.02,0.01,0.055
0,0,0.0050000000000000001,0.055
0,0.014999999999999999,0.0050000000000000001,0.125
0,0.014999999999999999,0.0050000000000000001,0.14999999999999999
0,0.0050000000000000001,0,0.059999999999999998
0,0,0,0.080000000000000002
0,0,0.0050000000000000001,0.10000000000000001
0,0.54000000000000004,0.46000000000000002,0.82499999999999996
0,0.0050000000000000001,0.0050000000000000001,0.070000000000000007
0,0,0.0050000000000000001,0.074999999999999997
0,0.029999999999999999,0,0.080000000000000002
0,0,0,0.0050000000000000001
0,0.01,0,0.055
0,0,0.01,0.115
0,0,0.01,0.10000000000000001
0,0.01,0.0050000000000000001,0.074999999999999997
0,0.10000000000000001,0.245,0.58499999999999996
0,0.01,0,0.085000000000000006
0,0,0,0.035000000000000003
0,0.025000000000000001,0.0050000000000000001,0.14999999999999999
0,0.01,0.01,0.16500000000000001
0,0,0,0.014999999999999999
0,0.01,0.02,0.14499999999999999
0,0,0.0050000000000000001,0.035000000000000003
0,0.085000000000000006,0.02,0.39000000000000001
0,0.065000000000000002,0.0050000000000000001,0.34999999999999998
0,0.02,0.0050000000000000001,0.059999999999999998
0,0.025000000000000001,0.0050000000000000001,0.19500000000000001
0,0.035000000000000003,0.01,0.255
0,0.014999999999999999,0.0050000000000000001,0.11
1,0.85999999999999999,0.91000000000000003,0.95999999999999996
0,0.0050000000000000001,0,0.074999999999999997
0,0.01,0.014999999999999999,0.115
0,0.0050000000000000001,0,0.040000000000000001
0,0.02,0.0050000000000000001,0.080000000000000002
0,0.059999999999999998,0.014999999999999999,0.47499999999999998
0,0,0,0.02
0,0.02,0.0050000000000000001,0.115
0,0.040000000000000001,0.035000000000000003,0.27500000000000002
0,0.01,0.0050000000000000001,0.074999999999999997
0,0.029999999999999999,0.035000000000000003,0.19500000000000001
0,0,0.0050000000000000001,0.13
0,0.055,0.080000000000000002,0.40500000000000003
0,0,0.0050000000000000001,0.095000000000000001
0,0.02,0.02,0.27000000000000002
0,0.215,0.185,0.60499999999999998
0,0.01,0,0.070000000000000007
0,0.02,0.01,0.14499999999999999
0,0.0050000000000000001,0,0.095000000000000001
0,0.014999999999999999,0.0050000000000000001,0.185
0,0.01,0.0050000000000000001,0.095000000000000001
0,0.059999999999999998,0.0050000000000000001,0.245
0,0.025000000000000001,0.01,0.23499999999999999
0,0.014999999999999999,0.029999999999999999,0.12
0,0,0.01,0.029999999999999999
1,0.125,0.185,0.52000000000000002
0,0.050000000000000003,0.025000000000000001,0.17499999999999999
0,0.0050000000000000001,0.0050000000000000001,0.050000000000000003
0,0,0.014999999999999999,0.12
0,0.080000000000000002,0.17499999999999999,0.495
0,0.0050000000000000001,0.014999999999999999,0.11
0,0.0050000000000000001,0.025000000000000001,0.074999999999999997
0,0.025000000000000001,0.14999999999999999,0.40500000000000003
0,0.02,0,0.085000000000000006
0,0,0,0.065000000000000002
0,0.0050000000000000001,0.01,0.185
0,0.0050000000000000001,0,0.055
0,0.02,0.01,0.115
0,0.059999999999999998,0.040000000000000001,0.26000000000000001
0,0.0050000000000000001,0.01,0.10000000000000001
0,0.0050000000000000001,0,0.10000000000000001
0,0.02,0.0050000000000000001,0.14999999999999999
0,0.105,0.029999999999999999,0.38
0,0,0.014999999999999999,0.14999999999999999
0,0.01,0,0.050000000000000003
0,0,0.0050000000000000001,0.059999999999999998
0,0.01,0,0.035000000000000003
0,0.0050000000000000001,0,0.070000000000000007
0,0.014999999999999999,0.01,0.12
0,0,0.01,0.12
0,0.01,0.01,0.115
0,0.41999999999999998,0.025000000000000001,0.5
0,0.01,0.0050000000000000001,0.040000000000000001
1,0.19500000000000001,0.5,0.71999999999999997
0,0.050000000000000003,0.025000000000000001,0.28000000000000003
0,0.014999999999999999,0.01,0.059999999999999998
0,0.0050000000000000001,0,0.074999999999999997
0,0.0050000000000000001,0.0050000000000000001,0.055
0,0.0050000000000000001,0,0.050000000000000003
0,0.01,0.0050000000000000001,0.070000000000000007
0,0.059999999999999998,0.055,0.32500000000000001
0,0.01,0,0.105
0,0,0,0.040000000000000001
0,0,0.02,0.14499999999999999
0,0.02,0.0050000000000000001,0.245
0,0,0.0050000000000000001,0.089999999999999997
0,0.01,0.0050000000000000001,0.059999999999999998
0,0.074999999999999997,0.074999999999999997,0.31
0,0.02,0,0.14999999999999999
0,0,0.01,0.070000000000000007
0,0,0,0.044999999999999998
0,0,0,0.029999999999999999
0,0.12,0.095000000000000001,0.52500000000000002
0,0.014999999999999999,0.055,0.215
0,0.0050000000000000001,0.0050000000000000001,0.089999999999999997
0,0,0.01,0.10000000000000001
0,0.0050000000000000001,0.0050000000000000001,0.065000000000000002
0,0.0050000000000000001,0.01,0.20499999999999999
0,0.040000000000000001,0.055,0.46000000000000002
0,0,0,0.055
0,0.01,0,0.13500000000000001
0,0.01,0,0.074999999999999997
0,0,0.0050000000000000001,0.074999999999999997
0,0.13500000000000001,0.040000000000000001,0.32000000000000001
1,0.69999999999999996,0.64000000000000001,0.84999999999999998
0,0.02,0.035000000000000003,0.13
0,0.014999999999999999,0.025000000000000001,0.20999999999999999
0,0,0,0.055
0,0,0.0050000000000000001,0.105
0,0.029999999999999999,0.040000000000000001,0.40000000000000002
0,0.025000000000000001,0.025000000000000001,0.16500000000000001
0,0.01,0,0.14000000000000001
0,0.0050000000000000001,0.0050000000000000001,0.065000000000000002
0,0.01,0.025000000000000001,0.11
0,0,0,0.01
0,0.01,0.014999999999999999,0.10000000000000001
0,0.0050000000000000001,0.0050000000000000001,0.040000000000000001
0,0.070000000000000007,0.055,0.32000000000000001
0,0.01,0,0.085000000000000006
0,0.014999999999999999,0.0050000000000000001,0.23999999999999999
1,0.72499999999999998,0.48999999999999999,0.89000000000000001
0,0.0050000000000000001,0,0.17499999999999999
0,0.025000000000000001,0.070000000000000007,0.34999999999999998
0,0.0050000000000000001,0.01,0.070000000000000007
0,0.01,0.029999999999999999,0.089999999999999997
0,0,0,0.025000000000000001
0,0.155,0.050000000000000003,0.315
0,0.0050000000000000001,0,0.040000000000000001
0,0,0,0.02
0,0.02,0.01,0.23499999999999999
0,0.13,0.040000000000000001,0.44500000000000001
0,0.02,0.0050000000000000001,0.11
0,0.01,0,0.089999999999999997
0,0.0050000000000000001,0.0050000000000000001,0.044999999999999998
0,0.01,0.0050000000000000001,0.105
0,0.0050000000000000001,0.01,0.040000000000000001
0,0.01,0.040000000000000001,0.17000000000000001
0,0.10000000000000001,0.025000000000000001,0.28999999999999998
0,0,0,0.025000000000000001
0,0.625,0.71499999999999997,0.84999999999999998
0,0,0,0.025000000000000001
0,0.01,0,0.185
0,0.02,0.044999999999999998,0.26000000000000001
0,0,0,0.070000000000000007
0,0.02,0,0.080000000000000002
0,0.245,0.33500000000000002,0.67500000000000004
0,0,0.0050000000000000001,0.074999999999999997
0,0,0.0050000000000000001,0.074999999999999997
0,0,0.0050000000000000001,0.115
0,0.0050000000000000001,0.0050000000000000001,0.17499999999999999
0,0.0050000000000000001,0.0050000000000000001,0.125
0,0.01,0.01,0.055
0,0,0.0050000000000000001,0.059999999999999998
1,0.13,0.19,0.48999999999999999
0,0.074999999999999997,0.025000000000000001,0.29999999999999999
0,0.035000000000000003,0.0050000000000000001,0.31
0,0.040000000000000001,0.040000000000000001,0.26000000000000001
0,0.025000000000000001,0.0050000000000000001,0.089999999999999997
0,0.01,0.01,0.12
0,0,0.01,0.115
0,0.014999999999999999,0.029999999999999999,0.215
0,0.014999999999999999,0.01,0.22500000000000001
0,0.035000000000000003,0.014999999999999999,0.315
0,0.01,0.0050000000000000001,0.089999999999999997
0,0.02,0.055,0.26000000000000001
0,0,0,0.029999999999999999
0,0.040000000000000001,0.089999999999999997,0.41999999999999998
0,0.32500000000000001,0.095000000000000001,0.56000000000000005
0,0,0,0.059999999999999998
0,0.070000000000000007,0.050000000000000003,0.23000000000000001
0,0,0,0.055
0,0.095000000000000001,0.014999999999999999,0.215
0,0.029999999999999999,0.02,0.155
0,0.0050000000000000001,0,0.01
0,0.01,0.01,0.14499999999999999
0,0.025000000000000001,0.014999999999999999,0.20000000000000001
0,0.014999999999999999,0.0050000000000000001,0.055
0,0.035000000000000003,0.0050000000000000001,0.19500000000000001
0,0.025000000000000001,0.0050000000000000001,0.28000000000000003
0,0.065000000000000002,0.059999999999999998,0.255
0,0.040000000000000001,0.014999999999999999,0.28999999999999998
0,0.014999999999999999,0,0.095000000000000001
0,0.0050000000000000001,0.0050000000000000001,0.059999999999999998
0,0.0050000000000000001,0,0.115
0,0,0.0050000000000000001,0.01
0,0,0,0.059999999999999998
0,0.01,0.0050000000000000001,0.059999999999999998
0,0.0050000000000000001,0.040000000000000001,0.089999999999999997
0,0.029999999999999999,0.0050000000000000001,0.16500000000000001
0,0.02,0.02,0.22
0,0.025000000000000001,0.01,0.22500000000000001
0,0,0,0.040000000000000001
0,0.025000000000000001,0.01,0.20499999999999999
0,0.040000000000000001,0.040000000000000001,0.28000000000000003
0,0.0050000000000000001,0,0.074999999999999997
0,0.0050000000000000001,0.014999999999999999,0.065000000000000002
0,0.014999999999999999,0.0050000000000000001,0.17000000000000001
0,0.0050000000000000001,0.0050000000000000001,0.115
0,0,0,0.040000000000000001
0,0,0,0.035000000000000003
0,0.0050000000000000001,0.0050000000000000001,0.02
0,0.20000000000000001,0.085000000000000006,0.41499999999999998
0,0.040000000000000001,0.035000000000000003,0.22
0,0.044999999999999998,0.035000000000000003,0.38500000000000001
0,0.02,0.014999999999999999,0.28999999999999998
1,0.035000000000000003,0.080000000000000002,0.25
0,0,0.0050000000000000001,0.059999999999999998
0,0.0050000000000000001,0,0.115
0,0.0050000000000000001,0,0.044999999999999998
0,0.02,0.0050000000000000001,0.155
0,0.085000000000000006,0.014999999999999999,0.39000000000000001
0,0.0050000000000000001,0.0050000000000000001,0.095000000000000001
0,0.02,0,0.074999999999999997
0,0.0050000000000000001,0.050000000000000003,0.16
0,0,0.0050000000000000001,0.085000000000000006
0,0.014999999999999999,0,0.105
0,0.0050000000000000001,0.014999999999999999,0.115
0,0.0050000000000000001,0.01,0.044999999999999998
0,0.014999999999999999,0.115,0.34000000000000002
0,0,0.0050000000000000001,0.029999999999999999
0,0.0050000000000000001,0.014999999999999999,0.12
0,0.0050000000000000001,0.0050000000000000001,0.035000000000000003
0,0,0,0.040000000000000001
0,0.025000000000000001,0.02,0.28499999999999998
0,0.02,0.014999999999999999,0.17999999999999999
0,0.014999999999999999,0.044999999999999998,0.23999999999999999
0,0.01,0.025000000000000001,0.17999999999999999
0,0.01,0.059999999999999998,0.28499999999999998
0,0.01,0.01,0.13
0,0,0.0050000000000000001,0.074999999999999997
0,0,0,0.035000000000000003
0,0.055,0.02,0.16500000000000001
0,0.01,0.12,0.23999999999999999
0,0,0,0.065000000000000002
0,0.17499999999999999,0.065000000000000002,0.435
0,0.01,0.0050000000000000001,0.105
0,0.035000000000000003,0,0.19500000000000001
1,0.68999999999999995,0.73999999999999999,0.87
0,0.0050000000000000001,0,0.085000000000000006
0,0.059999999999999998,0.025000000000000001,0.27000000000000002
0,0.01,0,0.125
0,0.044999999999999998,0.059999999999999998,0.23499999999999999
0,0,0.014999999999999999,0.10000000000000001
0,0,0.025000000000000001,0.095000000000000001
0,0.029999999999999999,0.014999999999999999,0.27500000000000002
0,0,0.0050000000000000001,0.029999999999999999
0,0,0,0.040000000000000001
0,0.035000000000000003,0.02,0.17499999999999999
0,0.0050000000000000001,0.0050000000000000001,0.035000000000000003
0,0,0,0.029999999999999999
0,0.01,0.040000000000000001,0.215
0,0,0.0050000000000000001,0.19
0,0.0050000000000000001,0.0050000000000000001,0.11
0,0.0050000000000000001,0,0.14499999999999999
0,0.01,0.014999999999999999,0.065000000000000002
0,0,0,0.035000000000000003
0,0.0050000000000000001,0,0.11
0,0.01,0.025000000000000001,0.17499999999999999
1,0.65000000000000002,0.57999999999999996,0.83499999999999996
0,0.044999999999999998,0.065000000000000002,0.32500000000000001
0,0.0050000000000000001,0.01,0.080000000000000002
0,0.01,0.014999999999999999,0.20499999999999999
0,0.13500000000000001,0.13500000000000001,0.40999999999999998
0,0.0050000000000000001,0,0.089999999999999997
0,0.035000000000000003,0.050000000000000003,0.20999999999999999
0,0.0050000000000000001,0.01,0.050000000000000003
0,0.014999999999999999,0.050000000000000003,0.26500000000000001
0,0.014999999999999999,0.059999999999999998,0.38
0,0.035000000000000003,0.070000000000000007,0.29999999999999999
0,0.080000000000000002,0.025000000000000001,0.44
0,0.014999999999999999,0.0050000000000000001,0.105
0,0.0050000000000000001,0.0050000000000000001,0.080000000000000002
0,0.0050000000000000001,0.029999999999999999,0.080000000000000002
0,0,0,0.044999999999999998
0,0.029999999999999999,0.025000000000000001,0.14000000000000001
0,0.014999999999999999,0.02,0.055
0,0.014999999999999999,0.0050000000000000001,0.080000000000000002
0,0.080000000000000002,0.085000000000000006,0.34000000000000002
0,0.0050000000000000001,0.014999999999999999,0.085000000000000006
0,0.01,0.065000000000000002,0.115
0,0.0050000000000000001,0.014999999999999999,0.074999999999999997
0,0.0050000000000000001,0.02,0.044999999999999998
0,0.035000000000000003,0.025000000000000001,0.085000000000000006
0,0.044999999999999998,0.12,0.47999999999999998
0,0,0,0.040000000000000001
0,0.02,0.025000000000000001,0.20000000000000001
0,0.01,0,0.055
0,0,0,0.035000000000000003
0,0.0050000000000000001,0.01,0.089999999999999997
0,0,0,0.040000000000000001
0,0.02,0.01,0.17000000000000001
0,0.01,0,0.115
0,0.01,0.044999999999999998,0.12
1,0.33000000000000002,0.20499999999999999,0.62
0,0.025000000000000001,0.02,0.14499999999999999
0,0.01,0.0050000000000000001,0.13
0,0,0.014999999999999999,0.10000000000000001
0,0.035000000000000003,0.01,0.30499999999999999
0,0.02,0.01,0.17499999999999999
0,0.0050000000000000001,0.01,0.059999999999999998
0,0.055,0.02,0.26500000000000001
1,0.059999999999999998,0.040000000000000001,0.29499999999999998
0,0.014999999999999999,0,0.125
0,0.0050000000000000001,0.0050000000000000001,0.055
0,0.025000000000000001,0.014999999999999999,0.20499999999999999
0,0.0050000000000000001,0.01,0.035000000000000003
0,0.0050000000000000001,0,0.065000000000000002
0,0.02,0.01,0.070000000000000007
0,0.014999999999999999,0,0.059999999999999998
0,0.01,0,0.035000000000000003
0,0.050000000000000003,0.050000000000000003,0.34999999999999998
0,0.014999999999999999,0.025000000000000001,0.26500000000000001
0,0.014999999999999999,0,0.12
0,0.01,0.0050000000000000001,0.20499999999999999
0,0,0,0.029999999999999999
0,0,0.0050000000000000001,0.10000000000000001
0,0.0050000000000000001,0,0.080000000000000002
0,0.029999999999999999,0.0050000000000000001,0.16
0,0.050000000000000003,0.02,0.23000000000000001
0,0,0,0.014999999999999999
0,0.16,0.13500000000000001,0.46999999999999997
0,0.02,0.035000000000000003,0.35499999999999998
1,0.76000000000000001,0.80000000000000004,0.88500000000000001
0,0.014999999999999999,0.014999999999999999,0.14499999999999999
0,0.01,0.029999999999999999,0.12
0,0,0.014999999999999999,0.070000000000000007
0,0.01,0.070000000000000007,0.22
0,0.01,0.0050000000000000001,0.070000000000000007
0,0.0050000000000000001,0.0050000000000000001,0.115
0,0,0,0.044999999999999998
0,0.0050000000000000001,0.014999999999999999,0.10000000000000001
0,0.040000000000000001,0.0050000000000000001,0.20999999999999999
0,0.0050000000000000001,0.0050000000000000001,0.17499999999999999
0,0.02,0.02,0.12
0,0.025000000000000001,0.01,0.105
0,0.029999999999999999,0.025000000000000001,0.20000000000000001
0,0.025000000000000001,0.029999999999999999,0.27000000000000002
0,0,0.035000000000000003,0.20000000000000001
0,0,0,0.025000000000000001
0,0.025000000000000001,0.080000000000000002,0.28499999999999998
0,0.014999999999999999,0.01,0.070000000000000007
0,0.01,0,0.02
0,0.0050000000000000001,0.01,0.105
0,0.029999999999999999,0.01,0.105
0,0.014999999999999999,0.01,0.155
1,0.71499999999999997,0.71999999999999997,0.80000000000000004
0,0.025000000000000001,0.014999999999999999,0.23499999999999999
0,0.0050000000000000001,0.0050000000000000001,0.025000000000000001
0,0.0050000000000000001,0,0.089999999999999997
0,0.0050000000000000001,0.0050000000000000001,0.01
0,0,0,0.02
0,0.0050000000000000001,0.01,0.095000000000000001
0,0,0,0.080000000000000002
0,0.01,0.0050000000000000001,0.089999999999999997
0,0.029999999999999999,0.050000000000000003,0.25
0,0,0.0050000000000000001,0.044999999999999998
0,0.025000000000000001,0.025000000000000001,0.16500000000000001
0,0.014999999999999999,0.0050000000000000001,0.13
0,0.014999999999999999,0.014999999999999999,0.13500000000000001
0,0.029999999999999999,0.074999999999999997,0.185
0,0.040000000000000001,0.029999999999999999,0.14499999999999999
1,0.22,0.115,0.65000000000000002
0,0.014999999999999999,0.014999999999999999,0.125
0,0.050000000000000003,0.029999999999999999,0.23000000000000001
0,0.0050000000000000001,0,0.035000000000000003
0,0.029999999999999999,0.059999999999999998,0.28999999999999998
0,0.01,0.02,0.089999999999999997
1,0.095000000000000001,0.035000000000000003,0.27000000000000002
0,0.0050000000000000001,0,0.044999999999999998
0,0.0050000000000000001,0,0.065000000000000002
0,0.01,0,0.044999999999999998
0,0,0.0050000000000000001,0.115
0,0.01,0.014999999999999999,0.10000000000000001
0,0,0.01,0.065000000000000002
0,0,0,0.040000000000000001
0,0.029999999999999999,0.044999999999999998,0.20000000000000001
0,0.01,0.01,0.13500000000000001
0,0.0050000000000000001,0,0.080000000000000002
0,0.02,0.01,0.185
0,0.095000000000000001,0.014999999999999999,0.19
0,0,0,0.035000000000000003
0,0.0050000000000000001,0,0.115
0,0.055,0.014999999999999999,0.41499999999999998
0,0.065000000000000002,0.080000000000000002,0.38
0,0.040000000000000001,0.0050000000000000001,0.14999999999999999
0,0,0.029999999999999999,0.17999999999999999
0,0.02,0.01,0.155
0,0.025000000000000001,0.029999999999999999,0.23999999999999999
0,0.029999999999999999,0.014999999999999999,0.13
0,0,0.0050000000000000001,0.080000000000000002
0,0,0.0050000000000000001,0.059999999999999998
0,0.029999999999999999,0.01,0.105
0,0.14499999999999999,0.13500000000000001,0.53500000000000003
0,0.035000000000000003,0.035000000000000003,0.30499999999999999
0,0.0050000000000000001,0.0050000000000000001,0.089999999999999997
0,0.01,0.0050000000000000001,0.115
0,0,0,0.059999999999999998
0,0.0050000000000000001,0.0050000000000000001,0.050000000000000003
0,0.01,0.01,0.080000000000000002
0,0.065000000000000002,0.105,0.39500000000000002
0,0,0.014999999999999999,0.070000000000000007
0,0.029999999999999999,0.01,0.28999999999999998
0,0.01,0.014999999999999999,0.040000000000000001
1,0.22500000000000001,0.125,0.53000000000000003
0,0.0050000000000000001,0.0050000000000000001,0.13
0,0.01,0.059999999999999998,0.34000000000000002
0,0,0,0.059999999999999998
0,0.02,0.0050000000000000001,0.16
0,0,0,0.025000000000000001
0,0.035000000000000003,0.029999999999999999,0.23999999999999999
0,0.01,0.055,0.17000000000000001
1,0.040000000000000001,0.050000000000000003,0.28999999999999998
0,0.02,0.014999999999999999,0.17000000000000001
0,0,0,0.01
0,0,0.0050000000000000001,0.105
0,0.025000000000000001,0.040000000000000001,0.14999999999999999
0,0,0,0.044999999999999998
0,0.02,0.02,0.27500000000000002
0,0,0,0.029999999999999999
0,0,0.0050000000000000001,0.055
1,0.66500000000000004,0.36499999999999999,0.72499999999999998
0,0.0050000000000000001,0.01,0.044999999999999998
0,0,0,0.025000000000000001
0,0.014999999999999999,0,0.17499999999999999
0,0.074999999999999997,0.040000000000000001,0.23499999999999999
0,0,0.0050000000000000001,0.085000000000000006
0,0,0,0.065000000000000002
0,0,0,0.025000000000000001
0,0,0.01,0.065000000000000002
0,0,0.0050000000000000001,0.055
0,0.040000000000000001,0.025000000000000001,0.19500000000000001
0,0,0.0050000000000000001,0.065000000000000002
0,0.014999999999999999,0.029999999999999999,0.22
0,0.025000000000000001,0.014999999999999999,0.34999999999999998
0,0,0,0.070000000000000007
0,0.055,0.055,0.40999999999999998
0,0,0.01,0.050000000000000003
0,0.19,0.33000000000000002,0.48499999999999999
0,0.14999999999999999,0.089999999999999997,0.40999999999999998
1,0.46999999999999997,0.34000000000000002,0.70499999999999996
1,0.63,0.33000000000000002,0.84499999999999997
0,0,0,0.050000000000000003
0,0.23999999999999999,0.315,0.65500000000000003
0,0.02,0.01,0.13500000000000001
0,0.01,0.0050000000000000001,0.10000000000000001
0,0.059999999999999998,0.014999999999999999,0.22500000000000001
0,0.014999999999999999,0.014999999999999999,0.255
0,0.01,0.0050000000000000001,0.19
0,0,0,0.044999999999999998
0,0,0,0.0050000000000000001
0,0,0,0.050000000000000003
0,0.055,0.014999999999999999,0.17499999999999999
0,0.01,0.014999999999999999,0.28499999999999998
0,0,0,0.065000000000000002
0,0.044999999999999998,0.155,0.46000000000000002
0,0.014999999999999999,0.01,0.11
0,0.089999999999999997,0.085000000000000006,0.38500000000000001
0,0.01,0.025000000000000001,0.13500000000000001
0,0.02,0.01,0.125
0,0.074999999999999997,0.0050000000000000001,0.13
0,0,0,0.02
0,0.245,0.025000000000000001,0.495
0,0.0050000000000000001,0.02,0.074999999999999997
0,0.0050000000000000001,0.014999999999999999,0.27500000000000002
0,0.01,0.01,0.070000000000000007
0,0.0050000000000000001,0,0.050000000000000003
0,0,0,0.065000000000000002
0,0.029999999999999999,0.044999999999999998,0.20000000000000001
0,0,0.0050000000000000001,0.044999999999999998
0,0,0.0050000000000000001,0.044999999999999998
0,0.01,0.0050000000000000001,0.070000000000000007
0,0.0050000000000000001,0,0.040000000000000001
0,0.0050000000000000001,0,0.044999999999999998
1,0.62,0.53500000000000003,0.73999999999999999
0,0,0.0050000000000000001,0.059999999999999998
0,0.029999999999999999,0.01,0.17999999999999999
0,0.025000000000000001,0.01,0.315
0,0.014999999999999999,0,0.065000000000000002
0,0.0050000000000000001,0.01,0.035000000000000003
0,0.01,0,0.035000000000000003
0,0,0,0.040000000000000001
0,0.059999999999999998,0.040000000000000001,0.22500000000000001
0,0.0050000000000000001,0.0050000000000000001,0.055
0,0.025000000000000001,0.01,0.17000000000000001
0,0.040000000000000001,0.01,0.20000000000000001
0,0.025000000000000001,0.01,0.17999999999999999
0,0.035000000000000003,0.029999999999999999,0.28499999999999998
0,0.059999999999999998,0.035000000000000003,0.375
0,0,0,0.12
0,0,0,0.025000000000000001
0,0.0050000000000000001,0,0.055
0,0.20000000000000001,0.13500000000000001,0.56000000000000005
0,0.029999999999999999,0.01,0.26000000000000001
0,0.0050000000000000001,0.035000000000000003,0.13
0,0.065000000000000002,0.029999999999999999,0.20000000000000001
0,0,0,0.02
0,0.0050000000000000001,0.025000000000000001,0.23000000000000001
1,0.91500000000000004,0.95499999999999996,0.98499999999999999
0,0.0050000000000000001,0.029999999999999999,0.19
0,0.014999999999999999,0.014999999999999999,0.10000000000000001
0,0,0.01,0.040000000000000001
0,0,0.0050000000000000001,0.105
0,0,0,0.055
0,0.059999999999999998,0.070000000000000007,0.30499999999999999
0,0,0,0.044999999999999998
0,0.0050000000000000001,0.0050000000000000001,0.115
0,0.050000000000000003,0.065000000000000002,0.28000000000000003
0,0.01,0,0.10000000000000001
0,0.0050000000000000001,0.0050000000000000001,0.085000000000000006
0,0,0.014999999999999999,0.089999999999999997
